web-scraper-order,web-scraper-start-url,Name,Price,Image
"1553484612-705","https://coopmart.vn/danh-muc/dong-lanh-and-bao-quan-mat_xqLn09V","Lạp Xưởng Ba Bông Mai 500G","75.000 ₫","//static.coopmart.mobi/static/2018/5/18/9/f2e8fcda387752ad2c89aa3f7065d819_240x0.jpg"
"1553484612-684","https://coopmart.vn/danh-muc/dong-lanh-and-bao-quan-mat_xqLn09V","Lạp Xưởng Mai Quế Lộ Coop Gói 500G","84.900 ₫","//static.coopmart.mobi/static/2018/5/18/9/1e6fbd60d526be652729b69b023bcd38_240x0.jpg"
"1553484612-673","https://coopmart.vn/danh-muc/dong-lanh-and-bao-quan-mat_xqLn09V","Xúc Xích Đức Le Gourmet 200G","38.400 ₫","//static.coopmart.mobi/static/2018/5/18/9/10bdf2f1f6c9480ca380d4a31d41dcaf_240x0.jpg"
"1553484612-966","https://coopmart.vn/danh-muc/dong-lanh-and-bao-quan-mat_xqLn09V","Cá Viên Thập Cẩm Coop Gói 500G","59.500 ₫","//static.coopmart.mobi/static/2018/5/18/8/e0834bfbb7ff43d5d6754f968f604bff_240x0.jpg"
"1553484612-613","https://coopmart.vn/danh-muc/dong-lanh-and-bao-quan-mat_xqLn09V","Xúc Xích Deli Sumo Le Gourmet 250G","32.800 ₫","//static.coopmart.mobi/static/2018/5/18/9/7625bd0d5b631575434ace6711a4057e_240x0.jpg"
"1553484612-935","https://coopmart.vn/danh-muc/dong-lanh-and-bao-quan-mat_xqLn09V","Xúc Xích Heo Xông Khói Coop 250G","43.500 ₫","//static.coopmart.mobi/static/2018/5/18/9/b19e99c953d67113040796cd69dc281e_240x0.jpg"
"1553484612-904","https://coopmart.vn/danh-muc/dong-lanh-and-bao-quan-mat_xqLn09V","Tôm Viên Tân Việt Sin Gói 500G","84.700 ₫","//static.coopmart.mobi/static/2018/5/18/9/c42912ff7e0f9e2046a7cb53fb505f27_240x0.jpg"
"1553484612-761","https://coopmart.vn/danh-muc/dong-lanh-and-bao-quan-mat_xqLn09V","Sữa Chua Hương Cam Su Su 4X110ml","16.500 ₫","//static.coopmart.mobi/static/2018/5/18/9/6e28f20f5da6f566a359e556b0a5a4f8_240x0.jpg"
"1553484612-666","https://coopmart.vn/danh-muc/dong-lanh-and-bao-quan-mat_xqLn09V","Sữa Uống Lên Men Betagen Hương Cam 300Ml","19.600 ₫","//static.coopmart.mobi/static/2018/5/18/9/fe0abdb9e89f14857d25f19dde5faefb_240x0.jpg"
"1553484612-847","https://coopmart.vn/danh-muc/dong-lanh-and-bao-quan-mat_xqLn09V","Đầu Cá Hồi Làm Sạch Sg Food 500G","57.700 ₫","//static.coopmart.mobi/static/2018/5/18/8/9441cd65b0e0ed697681417c893fc9f8_240x0.jpg"
"1553484612-791","https://coopmart.vn/danh-muc/dong-lanh-and-bao-quan-mat_xqLn09V","Khoai Tây Đông Lạnh Shoestrings-Allumettes Lutosa Túi 1Kg","63.900 ₫","//static.coopmart.mobi/static/2018/5/18/8/bc0c595d7e48211388efa43531d1e8bd_240x0.jpg"
"1553484612-646","https://coopmart.vn/danh-muc/dong-lanh-and-bao-quan-mat_xqLn09V","Xúc Xích Red Tiệt Trùng Cp 100G","12.000 ₫","//static.coopmart.mobi/static/2018/5/18/9/6b82cb23ce6679d0d4ccf9ceb2994b40_240x0.jpg"
"1553484612-718","https://coopmart.vn/danh-muc/dong-lanh-and-bao-quan-mat_xqLn09V","Lạp Xưởng Tôm Vissan Gói 500G","139.500 ₫","//static.coopmart.mobi/static/2018/5/18/9/bc0207b9e1e91b948cf09eb511f9544c_240x0.jpg"
"1553484612-788","https://coopmart.vn/danh-muc/dong-lanh-and-bao-quan-mat_xqLn09V","Xúc Xích Dinh Dưỡng Heo Tiệt Trùng Vissan Gói 175G","19.900 ₫","//static.coopmart.mobi/static/2018/5/18/8/9519458b1f90a47e9277223ada9d52df_240x0.jpg"
"1553484612-621","https://coopmart.vn/danh-muc/dong-lanh-and-bao-quan-mat_xqLn09V","Kem Merino Tub sầu riêng sữa dừa hộp 1L","73.000 ₫","//static.coopmart.mobi/static/2018/5/18/9/eda3a89cefe9d99ce8a460d9702ff45f_240x0.jpg"
"1553484612-799","https://coopmart.vn/danh-muc/dong-lanh-and-bao-quan-mat_xqLn09V","Chả Giò Rế Thịt Vissan 500G","43.500 ₫","//static.coopmart.mobi/static/2018/5/18/8/f3e5bcaabba0c885c79e3a7cd1e77f31_240x0.jpg"
"1553484612-861","https://coopmart.vn/danh-muc/dong-lanh-and-bao-quan-mat_xqLn09V","Giò Bò Vissan 250G","52.200 ₫","/assets/img/placeholder.jpg"
"1553484612-637","https://coopmart.vn/danh-muc/dong-lanh-and-bao-quan-mat_xqLn09V","Chả Giò Bắp Coop 500G","32.900 ₫","//static.coopmart.mobi/static/2018/5/18/9/e1b91f92e79e14c7da9c29b7f24d7403_240x0.jpg"
"1553484612-812","https://coopmart.vn/danh-muc/dong-lanh-and-bao-quan-mat_xqLn09V","Bơ Margarine Trường An Hộp 80G","5.900 ₫","//static.coopmart.mobi/static/2018/5/18/8/775bf4c63b08bf4f7f2f3cbdfd133320_240x0.jpg"
"1553484612-905","https://coopmart.vn/danh-muc/dong-lanh-and-bao-quan-mat_xqLn09V","Tôm Viên Tân Việt Sin Gói 200g","37.200 ₫","//static.coopmart.mobi/static/2018/5/18/9/7e4d010606d3e68c9e7f3dc0a3e96c91_240x0.jpg"
"1553484612-925","https://coopmart.vn/danh-muc/dong-lanh-and-bao-quan-mat_xqLn09V","Lẩu Thái Chay SGFood Gói 500g","58.300 ₫","//static.coopmart.mobi/static/2018/5/18/9/ab391fdf599a707562ac6ce1433e2275_240x0.jpg"
"1553484612-617","https://coopmart.vn/danh-muc/dong-lanh-and-bao-quan-mat_xqLn09V","Chả Giò Mayonnaise Hải Sản Bamboo 320G","49.000 ₫","//static.coopmart.mobi/static/2018/5/18/9/419d60b2320bde68a5acaa962a25a155_240x0.jpg"
"1553484612-844","https://coopmart.vn/danh-muc/dong-lanh-and-bao-quan-mat_xqLn09V","Chả Giò Spring Roll Vissan Gói 500G","35.500 ₫","//static.coopmart.mobi/static/2018/5/18/8/6bbee0a50618d20df59730f204b455cd_240x0.jpg"
"1553484612-737","https://coopmart.vn/danh-muc/dong-lanh-and-bao-quan-mat_xqLn09V","Kim Chi Cải Thảo Cây Ông Kim'S Gói 1Kg","86.500 ₫","//static.coopmart.mobi/static/2018/5/18/9/5cc89f646ddf7c40471e2d4e7a09d424_240x0.jpg"
"1553484612-848","https://coopmart.vn/danh-muc/dong-lanh-and-bao-quan-mat_xqLn09V","Cá Trứng Tẩm Sa Tế Coop Khay 200G","34.800 ₫","//static.coopmart.mobi/static/2018/5/18/8/425087f0c0806c9a3779aa17b15f35e5_240x0.jpg"
"1553484612-644","https://coopmart.vn/danh-muc/dong-lanh-and-bao-quan-mat_xqLn09V","Xúc Xích Heo Tiệt Trùng Coop Gói 175G","18.900 ₫","//static.coopmart.mobi/static/2018/5/18/9/5b7f55a2c68b90c0866d3341dc82c302_240x0.jpg"
"1553484612-728","https://coopmart.vn/danh-muc/dong-lanh-and-bao-quan-mat_xqLn09V","Lẩu Hàn Quốc Coop 600G","62.500 ₫","//static.coopmart.mobi/static/2018/5/18/9/c36e948a77ce26f4f013f28c3663c53b_240x0.jpg"
"1553484612-932","https://coopmart.vn/danh-muc/dong-lanh-and-bao-quan-mat_xqLn09V","Xúc Xích Heo Xông Khói Vị Tỏi Coop Gói 500G","69.900 ₫","//static.coopmart.mobi/static/2018/5/18/9/d39b7b463fbeace4e160833e93fc7946_240x0.jpg"
"1553484612-944","https://coopmart.vn/danh-muc/dong-lanh-and-bao-quan-mat_xqLn09V","Kim Chi Hàn Quốc Hằng Phú Gói 500g","27.500 ₫","//static.coopmart.mobi/static/2018/5/18/9/9217593d9602767a0245b699352362e2_240x0.jpg"
"1553484612-943","https://coopmart.vn/danh-muc/dong-lanh-and-bao-quan-mat_xqLn09V","Ba Rọi Xông Khói Việt Nam Angst-Trường Vinh Gói 500G","124.900 ₫","//static.coopmart.mobi/static/2018/5/18/9/ff9b5df611688f9c762a131e84ddc20d_240x0.jpg"
"1553484612-604","https://coopmart.vn/danh-muc/dong-lanh-and-bao-quan-mat_xqLn09V","Hoành Thánh Thịt Mincook 250g","16.900 ₫","//static.coopmart.mobi/static/2018/5/18/9/7099dcfbc8dced73271b4f2736b36d1a_240x0.jpg"
"1553484612-965","https://coopmart.vn/danh-muc/dong-lanh-and-bao-quan-mat_xqLn09V","Cá Viên Tâm Lợi Gói 500G","72.400 ₫","//static.coopmart.mobi/static/2018/5/18/8/9489af4cf5799b5572ab44578e72b60f_240x0.jpg"
"1553484612-833","https://coopmart.vn/danh-muc/dong-lanh-and-bao-quan-mat_xqLn09V","Chả Giò Da Xốp Vissan Gói 500G","58.800 ₫","//static.coopmart.mobi/static/2018/5/18/8/58403df4cd1fa8e676a777b4175745db_240x0.jpg"
"1553484612-949","https://coopmart.vn/danh-muc/dong-lanh-and-bao-quan-mat_xqLn09V","Gà Xiên Que 99 Poultry Gói 500g","71.200 ₫","//static.coopmart.mobi/static/2018/5/18/8/b53b797913efada1d5a47d370569666e_240x0.jpg"
"1553484612-863","https://coopmart.vn/danh-muc/dong-lanh-and-bao-quan-mat_xqLn09V","Nem Chua Vissan 100g","17.200 ₫","/assets/img/placeholder.jpg"
"1553484612-764","https://coopmart.vn/danh-muc/dong-lanh-and-bao-quan-mat_xqLn09V","Thịt Đà Điểu Khatoco Gói 500G","139.200 ₫","//static.coopmart.mobi/static/2018/5/18/8/a1410ced9c7245be684bbe030ca3f324_240x0.jpg"
"1553484612-722","https://coopmart.vn/danh-muc/dong-lanh-and-bao-quan-mat_xqLn09V","Phô Mai Lát Toast Zott Gói 200G","51.800 ₫","//static.coopmart.mobi/static/2018/5/18/9/4d48e969c1c96809e21043d04cda5227_240x0.jpg"
"1553484612-857","https://coopmart.vn/danh-muc/dong-lanh-and-bao-quan-mat_xqLn09V","Bánh Hấp Sữa Tươi Việt Quán Gói 300g","19.000 ₫","//static.coopmart.mobi/static/2018/5/18/8/10e10d1a26f891578e3e9eeac6097450_240x0.jpg"
"1553484612-753","https://coopmart.vn/danh-muc/dong-lanh-and-bao-quan-mat_xqLn09V","Phô Mai Con Bò Cười Hộp 140G","44.600 ₫","//static.coopmart.mobi/static/2018/5/18/9/dcf994d13a9ef2d0806bad5018336e22_240x0.jpg"
"1553484612-867","https://coopmart.vn/danh-muc/dong-lanh-and-bao-quan-mat_xqLn09V","Xúc Xích Bò Tiệt Trùng Vissan Gói 160G","17.900 ₫","null"
"1553484612-650","https://coopmart.vn/danh-muc/dong-lanh-and-bao-quan-mat_xqLn09V","Xôi Chiên Phồng Đậu Xanh Coop 500G","20.900 ₫","//static.coopmart.mobi/static/2018/5/18/9/b486cf1999902212bdb0dfb0cfd4336a_240x0.jpg"
"1553484612-643","https://coopmart.vn/danh-muc/dong-lanh-and-bao-quan-mat_xqLn09V","Bắp Ngọt Sg Food Gói 500G","35.400 ₫","//static.coopmart.mobi/static/2018/5/18/9/5ff8cd6a9f85957958aa126ffebb2e74_240x0.jpg"
"1553484612-763","https://coopmart.vn/danh-muc/dong-lanh-and-bao-quan-mat_xqLn09V","Giò Thủ Le Gourmet Gói 200G","32.800 ₫","//static.coopmart.mobi/static/2018/5/18/8/090457bd9f3074ea6cca23599433f65b_240x0.jpg"
"1553484612-672","https://coopmart.vn/danh-muc/dong-lanh-and-bao-quan-mat_xqLn09V","Sữa đậu nành giàu đạm không đường Goldsoy Vinamilk 1L","21.900 ₫","//static.coopmart.mobi/static/2018/5/18/9/11e23c72b4e5fbbfd7a822206a3477d3_240x0.jpg"
"1553484612-572","https://coopmart.vn/danh-muc/dong-lanh-and-bao-quan-mat_xqLn09V","Cá Lưỡi Trâu 1 Nắng Coop 300G","66.500 ₫","//static.coopmart.mobi/static/2018/5/18/9/9010adb8944ea8e30d86535a3d72a8e6_240x0.jpg"
"1553484612-659","https://coopmart.vn/danh-muc/dong-lanh-and-bao-quan-mat_xqLn09V","Há Cảo Hoa Hồng Coop Gói 375G","51.900 ₫","//static.coopmart.mobi/static/2018/5/18/9/1c3041095024a773a9de0b75d023cbb1_240x0.jpg"
"1553484612-884","https://coopmart.vn/danh-muc/dong-lanh-and-bao-quan-mat_xqLn09V","Sữa chua uống Probi dưa gang lốc 5 x 65ml","21.900 ₫","//static.coopmart.mobi/static/2018/5/18/9/303631f2b7bb4ecf7186318972c6e01e_240x0.jpg"
"1553484612-914","https://coopmart.vn/danh-muc/dong-lanh-and-bao-quan-mat_xqLn09V","Ốc Bươu Dồn Thịt Vỉ 320g","80.200 ₫","//static.coopmart.mobi/static/2018/5/18/9/9bb08b9f72c01df24112ab8b57d5b2f6_240x0.jpg"
"1553484612-814","https://coopmart.vn/danh-muc/dong-lanh-and-bao-quan-mat_xqLn09V","Khô Cá Sặc An Vĩnh 200G","77.500 ₫","//static.coopmart.mobi/static/2018/5/18/8/c80c074f8a0798a7efabbdcdc9fbf084_240x0.jpg"
"1553484612-953","https://coopmart.vn/danh-muc/dong-lanh-and-bao-quan-mat_xqLn09V","Khô Bò Xé 150G","144.500 ₫","//static.coopmart.mobi/static/2018/5/18/8/f96122ece7aa24c25a52bdc64c3d3476_240x0.jpg"
"1553484612-855","https://coopmart.vn/danh-muc/dong-lanh-and-bao-quan-mat_xqLn09V","Bánh Hấp Sữa Tươi Lá Dứa Việt Quán Gói 300g","19.000 ₫","//static.coopmart.mobi/static/2018/5/18/8/850dbb953bb0541005e55697efd9b949_240x0.jpg"
"1553484612-588","https://coopmart.vn/danh-muc/dong-lanh-and-bao-quan-mat_xqLn09V","Sữa Uống Lên Men Betagen Hương Cam Chai 700Ml","40.200 ₫","//static.coopmart.mobi/static/2018/5/18/9/b44b78b550eb98d889c17783df1fb1b8_240x0.jpg"
"1553484612-933","https://coopmart.vn/danh-muc/dong-lanh-and-bao-quan-mat_xqLn09V","Xúc Xích Tỏi Xông Khói Vị Tỏi Coop Gói 250g","36.900 ₫","//static.coopmart.mobi/static/2018/5/18/9/d0d5563a858390a5812ff22ec173469f_240x0.jpg"
"1553484612-957","https://coopmart.vn/danh-muc/dong-lanh-and-bao-quan-mat_xqLn09V","Tôm Khô An Vĩnh Hộp 100g","112.500 ₫","//static.coopmart.mobi/static/2018/5/18/8/8e82eedd61643499d8610d91267aaaba_240x0.jpg"
"1553484612-658","https://coopmart.vn/danh-muc/dong-lanh-and-bao-quan-mat_xqLn09V","Hoành Thánh Tôm Coop 340g","34.300 ₫","//static.coopmart.mobi/static/2018/5/18/9/a8c628974672d311ee99b1296d4fe56c_240x0.jpg"
"1553484612-811","https://coopmart.vn/danh-muc/dong-lanh-and-bao-quan-mat_xqLn09V","Phô mai Vinamilk hộp 120g","24.000 ₫","//static.coopmart.mobi/static/2018/5/18/8/c2041cca0e41d98403677a4a6202d42a_240x0.jpg"
"1553484612-576","https://coopmart.vn/danh-muc/dong-lanh-and-bao-quan-mat_xqLn09V","Váng Sữa Zott Monte Dink Sô Cô La 4X95Ml","58.500 ₫","//static.coopmart.mobi/static/2018/5/18/9/ad536420bb8eba211bd29d390518f2d5_240x0.jpg"
"1553484612-891","https://coopmart.vn/danh-muc/dong-lanh-and-bao-quan-mat_xqLn09V","Phô Mai Que Đôi Đũa Vàng 300G","95.000 ₫","//static.coopmart.mobi/static/2018/5/18/9/88abff0ed643c587f5d46836fbae4816_240x0.jpg"
"1553484612-592","https://coopmart.vn/danh-muc/dong-lanh-and-bao-quan-mat_xqLn09V","Bánh Bao Nhân Xá Xíu Thọ Phát Gói 280G","32.300 ₫","//static.coopmart.mobi/static/2018/5/18/9/2632a5b5a597098255c8c1d6a48eef30_240x0.jpg"
"1553484612-724","https://coopmart.vn/danh-muc/dong-lanh-and-bao-quan-mat_xqLn09V","Phô Mai Con Bò Cười Lavache Quirit Canxi Hộp 240G","56.500 ₫","//static.coopmart.mobi/static/2018/5/18/9/08bce3e42194419a24bffc971c28f401_240x0.jpg"
"1553484612-783","https://coopmart.vn/danh-muc/dong-lanh-and-bao-quan-mat_xqLn09V","Há Cảo Chay Cầu Tre Gói 500G","36.600 ₫","//static.coopmart.mobi/static/2018/5/18/8/5631845dfb0c56f3c7fe149d4c707dcf_240x0.jpg"
"1553484612-665","https://coopmart.vn/danh-muc/dong-lanh-and-bao-quan-mat_xqLn09V","Sữa Chua Uống Betagen Chai 300Ml","25.000 ₫","//static.coopmart.mobi/static/2018/5/18/9/daea7259ec575045951c2112f05c5ef3_240x0.jpg"
"1553484612-787","https://coopmart.vn/danh-muc/dong-lanh-and-bao-quan-mat_xqLn09V","Cá Viên Basa Coop Gói 200G","15.900 ₫","//static.coopmart.mobi/static/2018/5/18/8/815a81eccdc689e310c368804f4a8621_240x0.jpg"
"1553484612-723","https://coopmart.vn/danh-muc/dong-lanh-and-bao-quan-mat_xqLn09V","Phô Mai Hun Khói Gói 200G","116.700 ₫","//static.coopmart.mobi/static/2018/5/18/9/f3117376280e8b9fc357f2b78e20eb36_240x0.jpg"
"1553484612-735","https://coopmart.vn/danh-muc/dong-lanh-and-bao-quan-mat_xqLn09V","Ba Rọi Xông Khói Coop  250G","45.500 ₫","//static.coopmart.mobi/static/2018/5/18/9/6dd251d0b6049f470065114b341ebd32_240x0.jpg"
"1553484612-873","https://coopmart.vn/danh-muc/dong-lanh-and-bao-quan-mat_xqLn09V","Cá Viên Thì Là Coop Gói 500G","63.900 ₫","//static.coopmart.mobi/static/2018/5/18/8/7fd8a618add4fdbade52ac3ccfbc12a6_240x0.jpg"
"1553484612-789","https://coopmart.vn/danh-muc/dong-lanh-and-bao-quan-mat_xqLn09V","Khoai Tây Chiên Lutosa Gói 450G","31.300 ₫","//static.coopmart.mobi/static/2018/5/18/8/84c53e63450409206408ae49224e49d6_240x0.jpg"
"1553484612-570","https://coopmart.vn/danh-muc/dong-lanh-and-bao-quan-mat_xqLn09V","Kem Chuối Merino Truyền Thống 80G","8.700 ₫","//static.coopmart.mobi/static/2018/5/18/9/f0f007ffaf8a5591ddcfea3c6ca20986_240x0.jpg"
"1553484612-578","https://coopmart.vn/danh-muc/dong-lanh-and-bao-quan-mat_xqLn09V","Bánh Cuốn Tôm Coop Gói 300G","41.900 ₫","//static.coopmart.mobi/static/2018/5/18/9/65b8f0d4d07b3fca367de40aacd9df12_240x0.jpg"
"1553484612-593","https://coopmart.vn/danh-muc/dong-lanh-and-bao-quan-mat_xqLn09V","Cá Viên Vissan Gói 200G","19.500 ₫","//static.coopmart.mobi/static/2018/5/18/9/468566b4bba2376fcce7bc6e7aa55342_240x0.jpg"
"1553484612-866","https://coopmart.vn/danh-muc/dong-lanh-and-bao-quan-mat_xqLn09V","Xúc Xích Heo Tiệt Trùng Vissan Gói 160G","17.900 ₫","null"
"1553484612-895","https://coopmart.vn/danh-muc/dong-lanh-and-bao-quan-mat_xqLn09V","Cá Trứng Tân Hải Hòa 500G","58.600 ₫","//static.coopmart.mobi/static/2018/5/18/9/a0c7a9464df42d3949c9e2a28b9a6270_240x0.jpg"
"1553484612-876","https://coopmart.vn/danh-muc/dong-lanh-and-bao-quan-mat_xqLn09V","Kim Chi Cải Thảo Cắt Lát Bibigo Ông Kim'S Gói 100g","12.500 ₫","//static.coopmart.mobi/static/2018/5/18/9/2294857ba9afcc1c51f10e1e1eddd5ed_240x0.jpg"
"1553484612-839","https://coopmart.vn/danh-muc/dong-lanh-and-bao-quan-mat_xqLn09V","Chả Giò Tôm Thịt Cholimex Gói 500G","43.000 ₫","//static.coopmart.mobi/static/2018/5/18/8/67c1fb966a28ff598c70bc9ec1860a83_240x0.jpg"
"1553484612-826","https://coopmart.vn/danh-muc/dong-lanh-and-bao-quan-mat_xqLn09V","Xíu Mại Shaomai Cầu Tre 500G","54.700 ₫","null"
"1553484612-883","https://coopmart.vn/danh-muc/dong-lanh-and-bao-quan-mat_xqLn09V","Sữa Chua Welyo Lysine Dâu Chuối 4X90G","26.500 ₫","//static.coopmart.mobi/static/2018/5/18/9/4164e0c713ba72835cf3c082c48d2ccb_240x0.jpg"
"1553484612-708","https://coopmart.vn/danh-muc/dong-lanh-and-bao-quan-mat_xqLn09V","Cá Trứng Hải Lộc Gói 200G","28.000 ₫","//static.coopmart.mobi/static/2018/5/18/9/eb07e9bc7fd2488d9e413d4279f9044b_240x0.jpg"
"1553484612-961","https://coopmart.vn/danh-muc/dong-lanh-and-bao-quan-mat_xqLn09V","Cá Trứng Phi Long 200G","26.900 ₫","//static.coopmart.mobi/static/2018/5/18/8/a7f9b68ce9ba51e87a543444e0b08159_240x0.jpg"
"1553484612-958","https://coopmart.vn/danh-muc/dong-lanh-and-bao-quan-mat_xqLn09V","Chả Giò Rế Tôm Cua Vissan Gói 250G","24.900 ₫","//static.coopmart.mobi/static/2018/5/18/8/1b9ea82beb35d8f32a5cc68c85fcf479_240x0.jpg"
"1553484612-792","https://coopmart.vn/danh-muc/dong-lanh-and-bao-quan-mat_xqLn09V","Nem Chua Vissan Gói 500G","84.800 ₫","//static.coopmart.mobi/static/2018/5/18/8/5bb0354d48081f853b8ce9c2129006c4_240x0.jpg"
"1553484612-653","https://coopmart.vn/danh-muc/dong-lanh-and-bao-quan-mat_xqLn09V","Chả Lụa Tươi Cầu Tre 250G","45.400 ₫","//static.coopmart.mobi/static/2018/5/18/9/4af0e49b056f85cad6605041ae065aaf_240x0.jpg"
"1553484612-574","https://coopmart.vn/danh-muc/dong-lanh-and-bao-quan-mat_xqLn09V","Kem Đặc Có Đường Dairy Champ Lon 500G","20.900 ₫","//static.coopmart.mobi/static/2018/5/18/9/c72ffbc6b1ea876beb351005762fa0fd_240x0.jpg"
"1553484612-782","https://coopmart.vn/danh-muc/dong-lanh-and-bao-quan-mat_xqLn09V","Thanh Cua Surimi Mayumi Hộp 500G","106.000 ₫","//static.coopmart.mobi/static/2018/5/18/8/4c11a4f9d21461c132b847f1e00b6d9b_240x0.jpg"
"1553484612-686","https://coopmart.vn/danh-muc/dong-lanh-and-bao-quan-mat_xqLn09V","Phô Mai Chấm Bánh Cheez Dippers 140g (4 vỉ x35g)","36.000 ₫","//static.coopmart.mobi/static/2018/5/18/9/1bfffccd815b2c051ccc1ea900050235_240x0.jpg"
"1553484612-926","https://coopmart.vn/danh-muc/dong-lanh-and-bao-quan-mat_xqLn09V","Đậu Hà Lan Phi Long Gói 400G","33.000 ₫","//static.coopmart.mobi/static/2018/5/18/9/8381a8037b93b37e4bbe3d223a645fed_240x0.jpg"
"1553484612-749","https://coopmart.vn/danh-muc/dong-lanh-and-bao-quan-mat_xqLn09V","Sữa chua lên Men Betagen 4 X 85ml","22.500 ₫","//static.coopmart.mobi/static/2018/5/18/9/66369a8e7469fc609ffd48f5d31ed1ef_240x0.jpg"
"1553484612-819","https://coopmart.vn/danh-muc/dong-lanh-and-bao-quan-mat_xqLn09V","Chả Giò Rế Chay Đặc Biệt Cầu Tre 500G","43.600 ₫","null"
"1553484612-655","https://coopmart.vn/danh-muc/dong-lanh-and-bao-quan-mat_xqLn09V","Sữa chua Susu hương dâu 6x80ml","23.300 ₫","//static.coopmart.mobi/static/2018/5/18/9/2df8ae7886284e8dfa2b1a27eeed7437_240x0.jpg"
"1553484612-918","https://coopmart.vn/danh-muc/dong-lanh-and-bao-quan-mat_xqLn09V","Khô Cá Nục An Vĩnh 200G","27.000 ₫","//static.coopmart.mobi/static/2018/5/18/9/e376748ea42df474a4e2a8155144287b_240x0.jpg"
"1553484612-687","https://coopmart.vn/danh-muc/dong-lanh-and-bao-quan-mat_xqLn09V","Bánh Bao Nhân Thịt Heo Thọ Phát Gói 500G","26.800 ₫","//static.coopmart.mobi/static/2018/5/18/9/f0a47f2c29bfd69c8d3d355029d6ee3e_240x0.jpg"
"1553484612-662","https://coopmart.vn/danh-muc/dong-lanh-and-bao-quan-mat_xqLn09V","Lẩu Thái Coop Gói 200G","20.200 ₫","//static.coopmart.mobi/static/2018/5/18/9/5fb6bd3f547259822354df371f8db6b2_240x0.jpg"
"1553484612-853","https://coopmart.vn/danh-muc/dong-lanh-and-bao-quan-mat_xqLn09V","Bò Viên Vissan Gói 200G","43.500 ₫","//static.coopmart.mobi/static/2018/5/18/8/9487c177c73bb973da9baf5fd0367996_240x0.jpg"
"1553484612-815","https://coopmart.vn/danh-muc/dong-lanh-and-bao-quan-mat_xqLn09V","Khô Cá Cơm Sữa An Vĩnh Gói 100g","26.000 ₫","//static.coopmart.mobi/static/2018/5/18/8/cfed207f6865b69fd3dcc19348281e16_240x0.jpg"
"1553484612-901","https://coopmart.vn/danh-muc/dong-lanh-and-bao-quan-mat_xqLn09V","Cá Viên Rau Củ Tân Việt Sin Gói 500G","77.700 ₫","//static.coopmart.mobi/static/2018/5/18/9/f70ae8e591b50c8abe8f638731dc77d7_240x0.jpg"
"1553484612-741","https://coopmart.vn/danh-muc/dong-lanh-and-bao-quan-mat_xqLn09V","Xúc Xích Phô Mai Vissan Gói 200G","33.300 ₫","//static.coopmart.mobi/static/2018/5/18/9/9c1dff45a5d49fba263d1751e504d811_240x0.jpg"
"1553484612-772","https://coopmart.vn/danh-muc/dong-lanh-and-bao-quan-mat_xqLn09V","Ruốc Khô An Hòa 200G","36.200 ₫","//static.coopmart.mobi/static/2018/5/18/8/ca06e9b2dd0f3155e33f653daeea7a47_240x0.jpg"
"1553484612-605","https://coopmart.vn/danh-muc/dong-lanh-and-bao-quan-mat_xqLn09V","Chạo Tôm Coop 500G","86.900 ₫","//static.coopmart.mobi/static/2018/5/18/9/1622a77d8cfb6010b4f4fb602cbc98b0_240x0.jpg"
"1553484612-913","https://coopmart.vn/danh-muc/dong-lanh-and-bao-quan-mat_xqLn09V","Lẩu Thái Tom Yum Hải Lộc 500G","72.900 ₫","//static.coopmart.mobi/static/2018/5/18/9/58c7bc66395f57a9fee1817073b94e0e_240x0.jpg"
"1553484612-922","https://coopmart.vn/danh-muc/dong-lanh-and-bao-quan-mat_xqLn09V","Cá Viên Hấp Thoại An Gói 500G","32.500 ₫","//static.coopmart.mobi/static/2018/5/18/9/52f621a24a9d35d1aa9b3db37bede09a_240x0.jpg"
"1553484612-744","https://coopmart.vn/danh-muc/dong-lanh-and-bao-quan-mat_xqLn09V","Phô Mai Belcube 15 gói 78g","44.500 ₫","//static.coopmart.mobi/static/2018/5/18/9/2087ecf58350ff60285608a872c15ab9_240x0.jpg"
"1553484612-745","https://coopmart.vn/danh-muc/dong-lanh-and-bao-quan-mat_xqLn09V","Phô Mai Vuông Belcube Vị Sữa Gói 78G","44.500 ₫","//static.coopmart.mobi/static/2018/5/18/9/4d492fd55ce15d878e527fcfb94d4ea7_240x0.jpg"
"1553484612-877","https://coopmart.vn/danh-muc/dong-lanh-and-bao-quan-mat_xqLn09V","Cá Hồi Phi Lê Sg Food 200G","78.900 ₫","//static.coopmart.mobi/static/2018/5/18/9/f9b88a4dcdaae6c551e7db66620c93b5_240x0.jpg"
"1553484612-766","https://coopmart.vn/danh-muc/dong-lanh-and-bao-quan-mat_xqLn09V","Cá Viên Basa Thì Là Coop Gói 200G","16.500 ₫","//static.coopmart.mobi/static/2018/5/18/8/4adecdf2ead6ae0768747babb52c97b9_240x0.jpg"
"1553484612-777","https://coopmart.vn/danh-muc/dong-lanh-and-bao-quan-mat_xqLn09V","Ba Rọi Xông Khói Angst - Trường Vinh Gói 200G","50.700 ₫","//static.coopmart.mobi/static/2018/5/18/8/8457b40c365fb7c0b4ffdea949d7dd61_240x0.jpg"
"1553484612-586","https://coopmart.vn/danh-muc/dong-lanh-and-bao-quan-mat_xqLn09V","Kem Cao Cấp Celano Sữa Chua Và Dâu 800ml","98.000 ₫","//static.coopmart.mobi/static/2018/5/18/9/3c23d4864926cd8605695189a4e6361c_240x0.jpg"
"1553484612-739","https://coopmart.vn/danh-muc/dong-lanh-and-bao-quan-mat_xqLn09V","Cá Saba Coop Gói 600G","63.500 ₫","//static.coopmart.mobi/static/2018/5/18/9/5354774887e59ecf416360b417b04fd5_240x0.jpg"
"1553484612-692","https://coopmart.vn/danh-muc/dong-lanh-and-bao-quan-mat_xqLn09V","Hải Sản Chua Cay Coop 500G","56.500 ₫","//static.coopmart.mobi/static/2018/5/18/9/b5f375577d890fc902e74e1bb4ea8a7c_240x0.jpg"
"1553484612-881","https://coopmart.vn/danh-muc/dong-lanh-and-bao-quan-mat_xqLn09V","Kem trà xanh Twin Cows 450ml","60.500 ₫","//static.coopmart.mobi/static/2018/5/18/9/d8a2b5cb58b63a95ff71afaa8bae62b4_240x0.jpg"
"1553484612-962","https://coopmart.vn/danh-muc/dong-lanh-and-bao-quan-mat_xqLn09V","Cá Hồi Cắt Thỏi Amigo Gói 200G","102.300 ₫","//static.coopmart.mobi/static/2018/5/18/8/2772b3f1246d20e633abf2d2f0e576fe_240x0.jpg"
"1553484612-838","https://coopmart.vn/danh-muc/dong-lanh-and-bao-quan-mat_xqLn09V","Chả Giò Xốp Cholimex Gói 500G","47.700 ₫","//static.coopmart.mobi/static/2018/5/18/8/00f09157cdb25d362533f5497da6ae2e_240x0.jpg"
"1553484612-639","https://coopmart.vn/danh-muc/dong-lanh-and-bao-quan-mat_xqLn09V","Lạp Xưởng Mai Quế Lộ Coop Gói 500G","86.200 ₫","//static.coopmart.mobi/static/2018/5/18/9/c7b86738765e36ba05e64a8cd262e31e_240x0.jpg"
"1553484612-951","https://coopmart.vn/danh-muc/dong-lanh-and-bao-quan-mat_xqLn09V","Kem Sôcôla Vinamilk 450ml","38.700 ₫","//static.coopmart.mobi/static/2018/5/18/8/6536f66992e21cdd674d10968139dce8_240x0.jpg"
"1553484612-808","https://coopmart.vn/danh-muc/dong-lanh-and-bao-quan-mat_xqLn09V","Phô Mai Lavache Quirit Sandwich 200G","51.800 ₫","//static.coopmart.mobi/static/2018/5/18/8/f19de17d3adda5d38a40524bacb14095_240x0.jpg"
"1553484612-668","https://coopmart.vn/danh-muc/dong-lanh-and-bao-quan-mat_xqLn09V","Cua Đồng Tinh Chế Vinacua Gói 150G","31.500 ₫","//static.coopmart.mobi/static/2018/5/18/9/1722a39c8bc56e5ea86910353390ebf6_240x0.jpg"
"1553484612-612","https://coopmart.vn/danh-muc/dong-lanh-and-bao-quan-mat_xqLn09V","Xúc Xích Deli Le Gourmet Gói 500G","81.300 ₫","//static.coopmart.mobi/static/2018/5/18/9/29e688a395e40addeb4234022fb61f7c_240x0.jpg"
"1553484612-746","https://coopmart.vn/danh-muc/dong-lanh-and-bao-quan-mat_xqLn09V","Rau Hỗn Hợp Đà Lạt Agri Foods Co Gói 400G","26.000 ₫","//static.coopmart.mobi/static/2018/5/18/9/d114bbc3cbd74feb00c5120e97b44316_240x0.jpg"
"1553484612-919","https://coopmart.vn/danh-muc/dong-lanh-and-bao-quan-mat_xqLn09V","Cá Saba Nhật Coop Gói 400G","41.500 ₫","//static.coopmart.mobi/static/2018/5/18/9/aa4d6ac118b2f7eab83a6882d480da15_240x0.jpg"
"1553484612-936","https://coopmart.vn/danh-muc/dong-lanh-and-bao-quan-mat_xqLn09V","Jambon Vai Coop Gói 500g","84.900 ₫","//static.coopmart.mobi/static/2018/5/18/9/ceefa1fea907c4f477372af1630385f5_240x0.jpg"
"1553484612-669","https://coopmart.vn/danh-muc/dong-lanh-and-bao-quan-mat_xqLn09V","Kem Wall'S Sel Strawberry Cheese 750Ml","99.000 ₫","//static.coopmart.mobi/static/2018/5/18/9/82a9912b57ffae21c9b69c0983d707ff_240x0.jpg"
"1553484612-906","https://coopmart.vn/danh-muc/dong-lanh-and-bao-quan-mat_xqLn09V","Sữa Chua Ăn Probeauty Việt Quất 4 Hộp X 100G","28.000 ₫","//static.coopmart.mobi/static/2018/5/18/9/291116c0e9976f05e455298d7b7d3fa8_240x0.jpg"
"1553484612-886","https://coopmart.vn/danh-muc/dong-lanh-and-bao-quan-mat_xqLn09V","Chả Lụa Cá Thì Là 500G","32.200 ₫","//static.coopmart.mobi/static/2018/5/18/9/751852f77f86ba688c2892ddf89a39cf_240x0.jpg"
"1553484612-875","https://coopmart.vn/danh-muc/dong-lanh-and-bao-quan-mat_xqLn09V","Mực Ống Trứng Coop Khay 9 - 12Cm 500G","122.900 ₫","//static.coopmart.mobi/static/2018/5/18/9/07c8e133ba3f9a252eb7a5c15e4bee9c_240x0.jpg"
"1553484612-729","https://coopmart.vn/danh-muc/dong-lanh-and-bao-quan-mat_xqLn09V","Đầu Cá Hồi Coop Gói 400G","39.900 ₫","//static.coopmart.mobi/static/2018/5/18/9/5a1b849ff32bd6e1adcc9fee80728132_240x0.jpg"
"1553484612-909","https://coopmart.vn/danh-muc/dong-lanh-and-bao-quan-mat_xqLn09V","Xúc Xích Heo Vị Tỏi Coop 250G","37.500 ₫","//static.coopmart.mobi/static/2018/5/18/9/ef39d96494eb3ebc885986508740d118_240x0.jpg"
"1553484612-731","https://coopmart.vn/danh-muc/dong-lanh-and-bao-quan-mat_xqLn09V","Tôm Quấn Khoai Tây Hai Thanh 300G","76.500 ₫","//static.coopmart.mobi/static/2018/5/18/9/7a0536d98c8c4e10873239f32e7ecfda_240x0.jpg"
"1553484612-793","https://coopmart.vn/danh-muc/dong-lanh-and-bao-quan-mat_xqLn09V","Khô Bò Xé Hải Châu Hộp 70G","71.500 ₫","//static.coopmart.mobi/static/2018/5/18/8/435265caa1aba3fcc32f68adba19c0d1_240x0.jpg"
"1553484612-827","https://coopmart.vn/danh-muc/dong-lanh-and-bao-quan-mat_xqLn09V","Há Cảo Tôm Cua Cầu Tre 500G","57.000 ₫","null"
"1553484612-864","https://coopmart.vn/danh-muc/dong-lanh-and-bao-quan-mat_xqLn09V","Giò Bò Đặc Biệt Vissan Cây 500G","104.400 ₫","null"
"1553484612-589","https://coopmart.vn/danh-muc/dong-lanh-and-bao-quan-mat_xqLn09V","Sữa Uống Lên Men Betagen Chai 700Ml","40.200 ₫","//static.coopmart.mobi/static/2018/5/18/9/e2affab4816eb53fe22a9fc4a0f5f7a4_240x0.jpg"
"1553484612-577","https://coopmart.vn/danh-muc/dong-lanh-and-bao-quan-mat_xqLn09V","Sữa đậu nành gấp đôi Canxi không đường Vinamilk hộp 1L","20.800 ₫","//static.coopmart.mobi/static/2018/5/18/9/b84385267462907a58bb6fea6a60a7a8_240x0.jpg"
"1553484612-823","https://coopmart.vn/danh-muc/dong-lanh-and-bao-quan-mat_xqLn09V","Que Surimi Hương Cua Kani Supreme Gói 250G","84.200 ₫","null"
"1553484612-817","https://coopmart.vn/danh-muc/dong-lanh-and-bao-quan-mat_xqLn09V","Lạp Xưởng Mai Quế Lộ Vissan 500G","95.000 ₫","null"
"1553484612-580","https://coopmart.vn/danh-muc/dong-lanh-and-bao-quan-mat_xqLn09V","Cá Hồi Phi Lê Hải Nam 200G","92.900 ₫","//static.coopmart.mobi/static/2018/5/18/9/a0a142ecf0716055a34c944abcd68b9d_240x0.jpg"
"1553484612-606","https://coopmart.vn/danh-muc/dong-lanh-and-bao-quan-mat_xqLn09V","Phô Mai La Vache Quirit Con Bò Cười Vị Gà Hộp 120G","30.000 ₫","//static.coopmart.mobi/static/2018/5/18/9/efa797dbcf924391cda31e67f13be666_240x0.jpg"
"1553484612-954","https://coopmart.vn/danh-muc/dong-lanh-and-bao-quan-mat_xqLn09V","Xôi Chiên Phồng Anh Thư 500G","22.400 ₫","//static.coopmart.mobi/static/2018/5/18/8/718ca3e6f60e3622b0c22898517f6e86_240x0.jpg"
"1553484612-742","https://coopmart.vn/danh-muc/dong-lanh-and-bao-quan-mat_xqLn09V","Xúc Xích Cocktail Vissan Gói 200G","26.700 ₫","//static.coopmart.mobi/static/2018/5/18/9/a0487b21c0dd08c18a33b7f2c6809db7_240x0.jpg"
"1553484612-756","https://coopmart.vn/danh-muc/dong-lanh-and-bao-quan-mat_xqLn09V","Kim Chi Hàn Quốc Shin Sang Hộp 600g","36.000 ₫","//static.coopmart.mobi/static/2018/5/18/9/f269407c2414f9967d475d3d04f72820_240x0.jpg"
"1553484612-803","https://coopmart.vn/danh-muc/dong-lanh-and-bao-quan-mat_xqLn09V","Nem Nướng Đông Lạnh Vissan 400G","70.000 ₫","//static.coopmart.mobi/static/2018/5/18/8/f639b3f9d2c6b576521eed8754b3c54d_240x0.jpg"
"1553484612-775","https://coopmart.vn/danh-muc/dong-lanh-and-bao-quan-mat_xqLn09V","Nem Lai Vung Giáo Thơ Hộp 100g","12.200 ₫","//static.coopmart.mobi/static/2018/5/18/8/13b986c9d35eb4719c699eb7dd770134_240x0.jpg"
"1553484612-594","https://coopmart.vn/danh-muc/dong-lanh-and-bao-quan-mat_xqLn09V","Cá Đù 1 Nắng Coop 900G","159.000 ₫","//static.coopmart.mobi/static/2018/5/18/9/2c3e10d96651c0a3c22be6f37ec23e12_240x0.jpg"
"1553484612-784","https://coopmart.vn/danh-muc/dong-lanh-and-bao-quan-mat_xqLn09V","Lẩu Thái Hải Sâm An Vĩnh 550g","72.900 ₫","//static.coopmart.mobi/static/2018/5/18/8/119b2deccb3522a86b06872ca307ebc2_240x0.jpg"
"1553484612-915","https://coopmart.vn/danh-muc/dong-lanh-and-bao-quan-mat_xqLn09V","Xúc Xích Bò Tiệt Trùng Vissan Gói 280G","30.000 ₫","//static.coopmart.mobi/static/2018/5/18/9/ab2fa3715bc823c839d5a9e2da095234_240x0.jpg"
"1553484612-767","https://coopmart.vn/danh-muc/dong-lanh-and-bao-quan-mat_xqLn09V","Chả Lụa Như Lan Cây 500G","113.300 ₫","//static.coopmart.mobi/static/2018/5/18/8/af4b3cbb7af179c68ce81fc65f847e7c_240x0.jpg"
"1553484612-623","https://coopmart.vn/danh-muc/dong-lanh-and-bao-quan-mat_xqLn09V","Tôm Khô An Vĩnh Hộp 150g","123.500 ₫","//static.coopmart.mobi/static/2018/5/18/9/d09a32263101621e5279850f83b33858_240x0.jpg"
"1553484612-713","https://coopmart.vn/danh-muc/dong-lanh-and-bao-quan-mat_xqLn09V","Cá Saba Coop Gói 700G","75.500 ₫","//static.coopmart.mobi/static/2018/5/18/9/683e3637e7b64d5baef5d64db6d9b280_240x0.jpg"
"1553484612-667","https://coopmart.vn/danh-muc/dong-lanh-and-bao-quan-mat_xqLn09V","Giò Bò Coop 200G","31.900 ₫","//static.coopmart.mobi/static/2018/5/18/9/fcf1d2b678a62e0dfdd249dad867de92_240x0.jpg"
"1553484612-963","https://coopmart.vn/danh-muc/dong-lanh-and-bao-quan-mat_xqLn09V","Cá Hồi Fillet Amigo Gói 200G","102.300 ₫","//static.coopmart.mobi/static/2018/5/18/8/76cbdf4121925012244d4fd05d1fa0de_240x0.jpg"
"1553484612-625","https://coopmart.vn/danh-muc/dong-lanh-and-bao-quan-mat_xqLn09V","Giò Bò Đặc Biệt Vissan 500G","118.800 ₫","//static.coopmart.mobi/static/2018/5/18/9/1c08553507e4079cd829135c80f50592_240x0.jpg"
"1553484612-680","https://coopmart.vn/danh-muc/dong-lanh-and-bao-quan-mat_xqLn09V","Bánh Bao Nhân Cadé Thọ Phát Gói 240G","15.600 ₫","//static.coopmart.mobi/static/2018/5/18/9/c7b4bffae1d8a3e559955dea1d5d87fe_240x0.jpg"
"1553484612-583","https://coopmart.vn/danh-muc/dong-lanh-and-bao-quan-mat_xqLn09V","Xúc Xích Việt Mỹ Le Gourmet 500G","52.500 ₫","//static.coopmart.mobi/static/2018/5/18/9/a839e0c09241a8f500b0186b5d1fb987_240x0.jpg"
"1553484612-619","https://coopmart.vn/danh-muc/dong-lanh-and-bao-quan-mat_xqLn09V","Sữa Chua Ăn Dutch Lady Hương Dâu Tây 4x100g","24.800 ₫","//static.coopmart.mobi/static/2018/5/18/9/34430eafd55de6412a760c6be75889ca_240x0.jpg"
"1553484612-930","https://coopmart.vn/danh-muc/dong-lanh-and-bao-quan-mat_xqLn09V","Kem Wall'S Sôcôla và vani hộp 390g","56.000 ₫","//static.coopmart.mobi/static/2018/5/18/9/cd26689c43f04d91d8b83c6c5cb756e5_240x0.jpg"
"1553484612-716","https://coopmart.vn/danh-muc/dong-lanh-and-bao-quan-mat_xqLn09V","Tôm Cuộn Khoai Tây Top.V Gói 300G","79.800 ₫","//static.coopmart.mobi/static/2018/5/18/9/55f03aad56a3a807c179b636810cacb4_240x0.jpg"
"1553484612-920","https://coopmart.vn/danh-muc/dong-lanh-and-bao-quan-mat_xqLn09V","Kem cao cấp Celano Sôcôla hạnh nhân hộp 500ml","62.000 ₫","//static.coopmart.mobi/static/2018/5/18/9/5df3c12ee1a7460e2dfe5cc0b58fb0fc_240x0.jpg"
"1553484612-790","https://coopmart.vn/danh-muc/dong-lanh-and-bao-quan-mat_xqLn09V","Khoai Tây Đông Lạnh Lutosa Frites 1Kg","62.800 ₫","//static.coopmart.mobi/static/2018/5/18/8/7b7d41479589d55b253f6539faff0797_240x0.jpg"
"1553484612-683","https://coopmart.vn/danh-muc/dong-lanh-and-bao-quan-mat_xqLn09V","Jambon Vai Coop 250G","43.900 ₫","//static.coopmart.mobi/static/2018/5/18/9/af4dda5b556644b9bd9e535e9230c6f1_240x0.jpg"
"1553484612-889","https://coopmart.vn/danh-muc/dong-lanh-and-bao-quan-mat_xqLn09V","Kem Merino Mub Sôcôla Vani 1L","73.000 ₫","//static.coopmart.mobi/static/2018/5/18/9/39bf98cb1dd3fff409b096fab700b30b_240x0.jpg"
"1553484612-691","https://coopmart.vn/danh-muc/dong-lanh-and-bao-quan-mat_xqLn09V","Phô Mai Ham Belcube Con Bò Cười 78g","44.500 ₫","//static.coopmart.mobi/static/2018/5/18/9/b03e6f44916c47eb725a871a6263c850_240x0.jpg"
"1553484612-585","https://coopmart.vn/danh-muc/dong-lanh-and-bao-quan-mat_xqLn09V","Kem Cao Cấp Celano Sôcôla Hạt Vani 800Ml","98.000 ₫","//static.coopmart.mobi/static/2018/5/18/9/c57a8106989964957d3c28f6f8df7a4d_240x0.jpg"
"1553484612-845","https://coopmart.vn/danh-muc/dong-lanh-and-bao-quan-mat_xqLn09V","Chả Giò Tôm Cua Vissan 500G","44.000 ₫","//static.coopmart.mobi/static/2018/5/18/8/4f74fd2d15205d35e057464c47ea58b7_240x0.jpg"
"1553484612-626","https://coopmart.vn/danh-muc/dong-lanh-and-bao-quan-mat_xqLn09V","Xúc Xích Heo Lucky Vissan 5 Cây 250G","31.700 ₫","//static.coopmart.mobi/static/2018/5/18/9/b92d45036603745a5e90907d9bde28d1_240x0.jpg"
"1553484612-802","https://coopmart.vn/danh-muc/dong-lanh-and-bao-quan-mat_xqLn09V","Thanh Cua Surimi Mayumi Hộp 250G","55.800 ₫","//static.coopmart.mobi/static/2018/5/18/8/4e53c944cc1c80b566aa7c1c14f9d112_240x0.jpg"
"1553484612-677","https://coopmart.vn/danh-muc/dong-lanh-and-bao-quan-mat_xqLn09V","Cá Trứng Một Nắng Sg Food 410G","79.800 ₫","//static.coopmart.mobi/static/2018/5/18/9/72c303d1817a42c4f1c8304fa043e8f5_240x0.jpg"
"1553484612-907","https://coopmart.vn/danh-muc/dong-lanh-and-bao-quan-mat_xqLn09V","Kim Chi Cải Thảo Shin Sang Gói 1Kg","55.000 ₫","//static.coopmart.mobi/static/2018/5/18/9/0608bc1da4456005006613d1a486fc14_240x0.jpg"
"1553484612-611","https://coopmart.vn/danh-muc/dong-lanh-and-bao-quan-mat_xqLn09V","Cá Ngừ Đại Dương Steak","124.300 ₫","//static.coopmart.mobi/static/2018/5/18/9/0c9f2d42a058e7179e8b5a9c541da0d5_240x0.jpg"
"1553484612-726","https://coopmart.vn/danh-muc/dong-lanh-and-bao-quan-mat_xqLn09V","Sữa Yaourt Long Thành Có Đường Chai Nhỏ 490Ml","26.300 ₫","//static.coopmart.mobi/static/2018/5/18/9/7356f082942834dfb90aa66014e9055b_240x0.jpg"
"1553484612-750","https://coopmart.vn/danh-muc/dong-lanh-and-bao-quan-mat_xqLn09V","Nem Nướng Cầu Tre Gói 250G","38.600 ₫","//static.coopmart.mobi/static/2018/5/18/9/f4c51a27d40d5953d7cc0ae147368917_240x0.jpg"
"1553484612-868","https://coopmart.vn/danh-muc/dong-lanh-and-bao-quan-mat_xqLn09V","Xúc Xích Heo Tiệt Trùng Vissan Gói 280G","30.000 ₫","//static.coopmart.mobi/static/2018/5/18/8/dfc079fc4d2c1b6a1847bea155e62228_240x0.jpg"
"1553484612-821","https://coopmart.vn/danh-muc/dong-lanh-and-bao-quan-mat_xqLn09V","Chả Giò Chay Vissan 500G","37.800 ₫","null"
"1553484612-736","https://coopmart.vn/danh-muc/dong-lanh-and-bao-quan-mat_xqLn09V","Khô Cá Cơm Sữa An Vĩnh 200G","50.000 ₫","//static.coopmart.mobi/static/2018/5/18/9/5951116e1f017aa08458fbb7caae4ae8_240x0.jpg"
"1553484612-941","https://coopmart.vn/danh-muc/dong-lanh-and-bao-quan-mat_xqLn09V","Sữa Chua Wellyo Nha Đam 90g","6.100 ₫","//static.coopmart.mobi/static/2018/5/18/9/f3be818f7ddc41968468c30f7a40bebc_240x0.jpg"
"1553484612-786","https://coopmart.vn/danh-muc/dong-lanh-and-bao-quan-mat_xqLn09V","Cá Viên Basa Coop Gói 500G","30.900 ₫","//static.coopmart.mobi/static/2018/5/18/8/9e2fec2030a5ce8081e567f61762d6be_240x0.jpg"
"1553484612-630","https://coopmart.vn/danh-muc/dong-lanh-and-bao-quan-mat_xqLn09V","Sữa Chua Men Sống Bổ Sung Lợi Khuẩn TH True Milk Việt Quất 4 Hộp x 100g","29.000 ₫","//static.coopmart.mobi/static/2018/5/18/9/07cbebc01c1b88e79a8149e300e2afe1_240x0.jpg"
"1553484612-816","https://coopmart.vn/danh-muc/dong-lanh-and-bao-quan-mat_xqLn09V","Lạp Xưởng Mai Quế Lộ Đặc Biệt Vissan Gói 200G","40.700 ₫","null"
"1553484612-888","https://coopmart.vn/danh-muc/dong-lanh-and-bao-quan-mat_xqLn09V","Vây Cá Hồi Sg Food 500G","45.600 ₫","//static.coopmart.mobi/static/2018/5/18/9/f1f471ade887ccc923722a83800f861c_240x0.jpg"
"1553484612-695","https://coopmart.vn/danh-muc/dong-lanh-and-bao-quan-mat_xqLn09V","Lạp Xưởng Tôm Vissan Gói 200G","56.500 ₫","//static.coopmart.mobi/static/2018/5/18/9/d509dada9bcc2de3508e22090484e980_240x0.jpg"
"1553484612-590","https://coopmart.vn/danh-muc/dong-lanh-and-bao-quan-mat_xqLn09V","Chả Lụa Chay An Nhiên 500G","58.200 ₫","//static.coopmart.mobi/static/2018/5/18/9/625eea2192b602a3be4187da703b2a62_240x0.jpg"
"1553484612-628","https://coopmart.vn/danh-muc/dong-lanh-and-bao-quan-mat_xqLn09V","Sữa Chua Uống Lif Kun Hương Kem Dâu","27.300 ₫","//static.coopmart.mobi/static/2018/5/18/9/53896bf9f75692eaed3d7d6ceaadc14f_240x0.jpg"
"1553484612-797","https://coopmart.vn/danh-muc/dong-lanh-and-bao-quan-mat_xqLn09V","Cá Viên Cầu Tre Gói 250G","29.000 ₫","//static.coopmart.mobi/static/2018/5/18/8/cf5fe5b05c1b8c4f3840f179d7ee4ce3_240x0.jpg"
"1553484612-820","https://coopmart.vn/danh-muc/dong-lanh-and-bao-quan-mat_xqLn09V","Chả Giò Chay Cầu Tre 500G","35.000 ₫","null"
"1553484612-947","https://coopmart.vn/danh-muc/dong-lanh-and-bao-quan-mat_xqLn09V","Thịt Đùi Đà Điểu Khatoco Gói 500G","130.500 ₫","//static.coopmart.mobi/static/2018/5/18/8/c4f69fc61efe2723a3e84a662f5f9aa9_240x0.jpg"
"1553484612-712","https://coopmart.vn/danh-muc/dong-lanh-and-bao-quan-mat_xqLn09V","Há Cảo Mini Top.V 450G","62.700 ₫","//static.coopmart.mobi/static/2018/5/18/9/c75777e1710e0a817ca1235b99da1679_240x0.jpg"
"1553484612-615","https://coopmart.vn/danh-muc/dong-lanh-and-bao-quan-mat_xqLn09V","Xúc Xích Heo Xông Khói Hương Vị Đức Coop Gói 250G","33.500 ₫","//static.coopmart.mobi/static/2018/5/18/9/d05aa7e08d7b440c6b73d35a8a51df43_240x0.jpg"
"1553484612-652","https://coopmart.vn/danh-muc/dong-lanh-and-bao-quan-mat_xqLn09V","Chả Lụa Tươi Đặc Biệt Thanh Trùng Cầu Tre 500G","83.700 ₫","//static.coopmart.mobi/static/2018/5/18/9/de9da71ddb1bca74bbd5672b0fc2898b_240x0.jpg"
"1553484612-843","https://coopmart.vn/danh-muc/dong-lanh-and-bao-quan-mat_xqLn09V","Chả Giò Rế Con Tôm Vissan 300G","45.300 ₫","//static.coopmart.mobi/static/2018/5/18/8/649f98450f24d82b61db6260cbfdce44_240x0.jpg"
"1553484612-706","https://coopmart.vn/danh-muc/dong-lanh-and-bao-quan-mat_xqLn09V","Thịt Luncheon Meat Tulip Hộp 200G","46.800 ₫","//static.coopmart.mobi/static/2018/5/18/9/6dd34c47d0364f50198b88100ea7a554_240x0.jpg"
"1553484612-688","https://coopmart.vn/danh-muc/dong-lanh-and-bao-quan-mat_xqLn09V","Bánh Bao Không Nhân Thọ Phát Gói 300G","14.000 ₫","//static.coopmart.mobi/static/2018/5/18/9/77204ced52fa4bf04ef706713fd4b568_240x0.jpg"
"1553484612-894","https://coopmart.vn/danh-muc/dong-lanh-and-bao-quan-mat_xqLn09V","Lẩu Nấm Thảo Nguyên Phát 300g","33.500 ₫","//static.coopmart.mobi/static/2018/5/18/9/e1188ebbbb33f6f4f8c4156152415fb1_240x0.jpg"
"1553484612-801","https://coopmart.vn/danh-muc/dong-lanh-and-bao-quan-mat_xqLn09V","Há Cảo Mini Cầu Tre Gói 500G","53.600 ₫","//static.coopmart.mobi/static/2018/5/18/8/ec41d5135e7bff0a37dae672a610992c_240x0.jpg"
"1553484612-627","https://coopmart.vn/danh-muc/dong-lanh-and-bao-quan-mat_xqLn09V","Xúc Xích Vealz CP 10 Cây 500g","78.900 ₫","//static.coopmart.mobi/static/2018/5/18/9/abb116151f8a10aab14c6e45eb8b7268_240x0.jpg"
"1553484612-654","https://coopmart.vn/danh-muc/dong-lanh-and-bao-quan-mat_xqLn09V","Sữa Chua Lif Có Đường 4 X 100G","17.900 ₫","//static.coopmart.mobi/static/2018/5/18/9/049376549d3184e6985372ad28e098bf_240x0.jpg"
"1553484612-849","https://coopmart.vn/danh-muc/dong-lanh-and-bao-quan-mat_xqLn09V","Cá Trứng Coop 200G","31.400 ₫","//static.coopmart.mobi/static/2018/5/18/8/1707132a0a5fd29a0602d160e72bb351_240x0.jpg"
"1553484612-693","https://coopmart.vn/danh-muc/dong-lanh-and-bao-quan-mat_xqLn09V","Kem Mini Cornetto Chocolate&Vani Hộp 108g (6 câyx18g)","79.000 ₫","//static.coopmart.mobi/static/2018/5/18/9/3fa8533525f3f88f29f611ef91509cdf_240x0.jpg"
"1553484612-629","https://coopmart.vn/danh-muc/dong-lanh-and-bao-quan-mat_xqLn09V","Kem Merino Tub Dâu Hương Vani 900ml","73.000 ₫","//static.coopmart.mobi/static/2018/5/18/9/6201fbc11fd08f8d939308501de43c01_240x0.jpg"
"1553484612-910","https://coopmart.vn/danh-muc/dong-lanh-and-bao-quan-mat_xqLn09V","Da Bao Coop 500G","75.500 ₫","//static.coopmart.mobi/static/2018/5/18/9/ecdc886a0c5acec2c984089f23f4400c_240x0.jpg"
"1553484612-770","https://coopmart.vn/danh-muc/dong-lanh-and-bao-quan-mat_xqLn09V","Cá Trứng Coop 500G","74.000 ₫","//static.coopmart.mobi/static/2018/5/18/8/cb2f89ba781513421b71e5c21e5c811b_240x0.jpg"
"1553484612-762","https://coopmart.vn/danh-muc/dong-lanh-and-bao-quan-mat_xqLn09V","Chả Lụa Le Gourmet 200G","31.500 ₫","//static.coopmart.mobi/static/2018/5/18/8/5fc5adcd190ea5b6f1d2b0b02c31b3cc_240x0.jpg"
"1553484612-768","https://coopmart.vn/danh-muc/dong-lanh-and-bao-quan-mat_xqLn09V","Kem đậu xanh Vinamilk hộp 450ml","38.700 ₫","//static.coopmart.mobi/static/2018/5/18/8/e34a50f0f6b6333d264eba0754326934_240x0.jpg"
"1553484612-648","https://coopmart.vn/danh-muc/dong-lanh-and-bao-quan-mat_xqLn09V","Sữa uống lên men vị nho Calpis chai 5 x 80ml","18.900 ₫","//static.coopmart.mobi/static/2018/5/18/9/ab634f66a647724ad825b708a702ea91_240x0.jpg"
"1553484612-778","https://coopmart.vn/danh-muc/dong-lanh-and-bao-quan-mat_xqLn09V","Kem Vinamilk Dừa 450Ml","38.700 ₫","//static.coopmart.mobi/static/2018/5/18/8/2a90d939f2be20991f281258fea0d005_240x0.jpg"
"1553484612-748","https://coopmart.vn/danh-muc/dong-lanh-and-bao-quan-mat_xqLn09V","Lườn Cá Hồi Đông Lạnh An Vĩnh Khay 250G","52.000 ₫","//static.coopmart.mobi/static/2018/5/18/9/e62dca500cf69f8b60e6d269871e4a9b_240x0.jpg"
"1553484612-850","https://coopmart.vn/danh-muc/dong-lanh-and-bao-quan-mat_xqLn09V","Cá Basa Fillet Agifish Gói 250G","26.000 ₫","//static.coopmart.mobi/static/2018/5/18/8/1ea2dbd3d17ad37cee99ed210f66d5b9_240x0.jpg"
"1553484612-807","https://coopmart.vn/danh-muc/dong-lanh-and-bao-quan-mat_xqLn09V","Phô Mai Zelachi Gouda gói 100g","39.200 ₫","//static.coopmart.mobi/static/2018/5/18/8/e70a4c462ca2cfac6595b8a03654bce5_240x0.jpg"
"1553484612-663","https://coopmart.vn/danh-muc/dong-lanh-and-bao-quan-mat_xqLn09V","Giò Sống Coop 200g","24.800 ₫","//static.coopmart.mobi/static/2018/5/18/9/76c4185e3749a59d5b75079b0767a5dc_240x0.jpg"
"1553484612-696","https://coopmart.vn/danh-muc/dong-lanh-and-bao-quan-mat_xqLn09V","Tôm Tẩm Cốm Đại Thuận Gói 250G","47.700 ₫","//static.coopmart.mobi/static/2018/5/18/9/8e5effd47b8eb7746ac0d1c16c40d750_240x0.jpg"
"1553484612-794","https://coopmart.vn/danh-muc/dong-lanh-and-bao-quan-mat_xqLn09V","Lẩu Tứ Xuyên An Vĩnh 600G","75.500 ₫","//static.coopmart.mobi/static/2018/5/18/8/4344743e2006cd0f1827e1052af8d625_240x0.jpg"
"1553484612-937","https://coopmart.vn/danh-muc/dong-lanh-and-bao-quan-mat_xqLn09V","Jambon Vai Coop Gói 250G","43.500 ₫","//static.coopmart.mobi/static/2018/5/18/9/fe15f6e0a24b06f6b09d98fcd18f15df_240x0.jpg"
"1553484612-934","https://coopmart.vn/danh-muc/dong-lanh-and-bao-quan-mat_xqLn09V","Xúc Xích Heo Xông Khói Coop Gói 500G","81.500 ₫","//static.coopmart.mobi/static/2018/5/18/9/b061c3310ca2f3cf0f8f16521d1490cb_240x0.jpg"
"1553484612-903","https://coopmart.vn/danh-muc/dong-lanh-and-bao-quan-mat_xqLn09V","Lẩu Thái Chua Cay Đôi Đũa Vàng 500G","66.300 ₫","//static.coopmart.mobi/static/2018/5/18/9/01af7813f3993c4d9a688abb3583cc45_240x0.jpg"
"1553484612-747","https://coopmart.vn/danh-muc/dong-lanh-and-bao-quan-mat_xqLn09V","Xúc Xích Thụy Sĩ Angst - Trường Vinh Gói 500G","106.300 ₫","//static.coopmart.mobi/static/2018/5/18/9/5c4525c776232b962e4ed86676fa0c8e_240x0.jpg"
"1553484612-872","https://coopmart.vn/danh-muc/dong-lanh-and-bao-quan-mat_xqLn09V","Giò Lụa Vissan Cây 500G","87.400 ₫","//static.coopmart.mobi/static/2018/5/18/8/4a83d2e6ae9cec8514b568eee95f9ff9_240x0.jpg"
"1553484612-837","https://coopmart.vn/danh-muc/dong-lanh-and-bao-quan-mat_xqLn09V","Chả Giò Rế Tôm Cua Vissan Gói 500G","49.900 ₫","//static.coopmart.mobi/static/2018/5/18/8/e03b049bc78fe3537456e9b43ed820e0_240x0.jpg"
"1553484612-830","https://coopmart.vn/danh-muc/dong-lanh-and-bao-quan-mat_xqLn09V","Há Cảo Dumpling Gói 250G","24.200 ₫","//static.coopmart.mobi/static/2018/5/18/8/7d6a9c9288a19b8f2be98ef0ccc4fa80_240x0.jpg"
"1553484612-608","https://coopmart.vn/danh-muc/dong-lanh-and-bao-quan-mat_xqLn09V","Há Cảo Tôm Bamboo Gói 270G","38.200 ₫","//static.coopmart.mobi/static/2018/5/18/9/d381efb61afcbf2c578b442ca5462438_240x0.jpg"
"1553484612-829","https://coopmart.vn/danh-muc/dong-lanh-and-bao-quan-mat_xqLn09V","Xủi Cảo Wonton Cầu Tre 200G","22.600 ₫","//static.coopmart.mobi/static/2018/5/18/8/d9ab903f57c5098d4b902adf840935ef_240x0.jpg"
"1553484612-618","https://coopmart.vn/danh-muc/dong-lanh-and-bao-quan-mat_xqLn09V","Xúc Xích Heo Lucky Vissan 10 Cây 500G","59.400 ₫","//static.coopmart.mobi/static/2018/5/18/9/aa4fe7d7b2c19425763081a637e60f02_240x0.jpg"
"1553484612-946","https://coopmart.vn/danh-muc/dong-lanh-and-bao-quan-mat_xqLn09V","Vây Cá Hồi An Vĩnh Đông Lạnh Khay 500G","52.500 ₫","//static.coopmart.mobi/static/2018/5/18/9/1c1c8a387b6cfaf5f0d811f972702574_240x0.jpg"
"1553484612-755","https://coopmart.vn/danh-muc/dong-lanh-and-bao-quan-mat_xqLn09V","Sữa uống lên men Yakult lốc 5x325ml","23.800 ₫","//static.coopmart.mobi/static/2018/5/18/9/46405b2115a0d1d6020a5d05d294a115_240x0.jpg"
"1553484612-698","https://coopmart.vn/danh-muc/dong-lanh-and-bao-quan-mat_xqLn09V","Bò Viên Tân Việt Sin Gói 200G","43.400 ₫","//static.coopmart.mobi/static/2018/5/18/9/5817dac40a007f6718a16af779404f22_240x0.jpg"
"1553484612-940","https://coopmart.vn/danh-muc/dong-lanh-and-bao-quan-mat_xqLn09V","Cá Saba Tẩm Sa Tế Coop 600G","74.500 ₫","//static.coopmart.mobi/static/2018/5/18/9/fe1eed4ad05adbd24fc04bc27a4a7324_240x0.jpg"
"1553484612-700","https://coopmart.vn/danh-muc/dong-lanh-and-bao-quan-mat_xqLn09V","Váng Sữa Zott Monte Vani 4X55G","63.000 ₫","//static.coopmart.mobi/static/2018/5/18/9/0e781146e7e7189116358cede44b5c87_240x0.jpg"
"1553484612-581","https://coopmart.vn/danh-muc/dong-lanh-and-bao-quan-mat_xqLn09V","Phô Mai Que Mozzarella Baker 140G","59.000 ₫","//static.coopmart.mobi/static/2018/5/18/9/38acb7d99ee13fc15e8799bed1c51ae4_240x0.jpg"
"1553484612-760","https://coopmart.vn/danh-muc/dong-lanh-and-bao-quan-mat_xqLn09V","Sữa Chua Uống Tiệt Trùng Hương Dâu Susu Vinamilk 4 X 110Ml","16.500 ₫","//static.coopmart.mobi/static/2018/5/18/9/a84aa660079191f13e8bb8b537d9d59f_240x0.jpg"
"1553484612-732","https://coopmart.vn/danh-muc/dong-lanh-and-bao-quan-mat_xqLn09V","Xúc Xích Tỏi Coop  250G","35.900 ₫","//static.coopmart.mobi/static/2018/5/18/9/25b51699e5d9174cacec06cfd6044c2f_240x0.jpg"
"1553484612-759","https://coopmart.vn/danh-muc/dong-lanh-and-bao-quan-mat_xqLn09V","Phô Mai L.V.Quirit Light 120g","31.500 ₫","//static.coopmart.mobi/static/2018/5/18/9/b98ada5de7c795693e646e4cbf08e884_240x0.jpg"
"1553484612-661","https://coopmart.vn/danh-muc/dong-lanh-and-bao-quan-mat_xqLn09V","Xúc Xích Đức Le Gourmet 500G","76.000 ₫","//static.coopmart.mobi/static/2018/5/18/9/0a6303284d3173885c70f1017617ed26_240x0.jpg"
"1553484612-923","https://coopmart.vn/danh-muc/dong-lanh-and-bao-quan-mat_xqLn09V","Kem Wall'S 3 in 1 Neo N hộp 430g","56.000 ₫","//static.coopmart.mobi/static/2018/5/18/9/d38c6447fe37af50b71406f3f3f90e09_240x0.jpg"
"1553484612-892","https://coopmart.vn/danh-muc/dong-lanh-and-bao-quan-mat_xqLn09V","Cá Viên Hồ Lô Sg Food Gói 330G","57.000 ₫","//static.coopmart.mobi/static/2018/5/18/9/f1ea8be2eb7c2b0f501691cd832c75c5_240x0.jpg"
"1553484612-631","https://coopmart.vn/danh-muc/dong-lanh-and-bao-quan-mat_xqLn09V","Sữa Chua Men Sống Bổ Sung Lợi Khuẩn TH True Milk Trái Cây 4 Hộp x 100g","29.000 ₫","//static.coopmart.mobi/static/2018/5/18/9/a1d81e02e4c6d5d9af93c998b10fad7a_240x0.jpg"
"1553484612-955","https://coopmart.vn/danh-muc/dong-lanh-and-bao-quan-mat_xqLn09V","Lẩu Đầu Cá Hồi Đặc Biệt SG Food Gói 500g","58.600 ₫","//static.coopmart.mobi/static/2018/5/18/8/cdf4024668a7104f4072123a865b11cc_240x0.jpg"
"1553484612-900","https://coopmart.vn/danh-muc/dong-lanh-and-bao-quan-mat_xqLn09V","Khô Mực Size M An Vĩnh 200G","255.000 ₫","//static.coopmart.mobi/static/2018/5/18/9/9aeed83335da87b2a828b2e7b9f84d8d_240x0.jpg"
"1553484612-620","https://coopmart.vn/danh-muc/dong-lanh-and-bao-quan-mat_xqLn09V","Sữa Chua Thanh Trùng Dutch Lady Có Đường 4 X 100G","20.500 ₫","//static.coopmart.mobi/static/2018/5/18/9/7e88717f5868abbed7593b6663c3ee9a_240x0.jpg"
"1553484612-869","https://coopmart.vn/danh-muc/dong-lanh-and-bao-quan-mat_xqLn09V","Giò Thủ Vissan 500G","72.600 ₫","//static.coopmart.mobi/static/2018/5/18/8/f10ed897b071709c02bbd237d3146ac2_240x0.jpg"
"1553484612-681","https://coopmart.vn/danh-muc/dong-lanh-and-bao-quan-mat_xqLn09V","Bún Khô Coop 250G","11.700 ₫","//static.coopmart.mobi/static/2018/5/18/9/5f46db9ce588bd32dd83abfb983ea3c0_240x0.jpg"
"1553484612-634","https://coopmart.vn/danh-muc/dong-lanh-and-bao-quan-mat_xqLn09V","Kem Merino Kinh Đô Khoai Môn 1L","73.000 ₫","//static.coopmart.mobi/static/2018/5/18/9/812437ec446ce333b26d71f88bd3451f_240x0.jpg"
"1553484612-860","https://coopmart.vn/danh-muc/dong-lanh-and-bao-quan-mat_xqLn09V","Giò Lụa Bì Vissan 250G","39.700 ₫","/assets/img/placeholder.jpg"
"1553484612-603","https://coopmart.vn/danh-muc/dong-lanh-and-bao-quan-mat_xqLn09V","Kem Merino Kinh Đô Sầu Riêng Hộp 1L","73.000 ₫","//static.coopmart.mobi/static/2018/5/18/9/24daa0887527cff230abd85fd1908e0b_240x0.jpg"
"1553484612-840","https://coopmart.vn/danh-muc/dong-lanh-and-bao-quan-mat_xqLn09V","Chả Giò Thịt Cầu Tre Gói 500G","40.500 ₫","//static.coopmart.mobi/static/2018/5/18/8/fc1273ee1015989e0bddcba674294e80_240x0.jpg"
"1553484612-734","https://coopmart.vn/danh-muc/dong-lanh-and-bao-quan-mat_xqLn09V","Ba Rọi Xông Khói Coop Gói 500G","88.900 ₫","//static.coopmart.mobi/static/2018/5/18/9/e25a02a66bbbbc13a1c010958a61ffea_240x0.jpg"
"1553484612-690","https://coopmart.vn/danh-muc/dong-lanh-and-bao-quan-mat_xqLn09V","Giò Lụa Coop Gói 250G","36.500 ₫","//static.coopmart.mobi/static/2018/5/18/9/c95c665d87bc49366128dd417327a17f_240x0.jpg"
"1553484612-858","https://coopmart.vn/danh-muc/dong-lanh-and-bao-quan-mat_xqLn09V","Cá Viên Tân Việt Sin Gói 500G","78.300 ₫","//static.coopmart.mobi/static/2018/5/18/8/79c06e64a5ac9bbe13f2c28043c9245d_240x0.jpg"
"1553484612-893","https://coopmart.vn/danh-muc/dong-lanh-and-bao-quan-mat_xqLn09V","Kem Merino Superteen Hộp Giấy 4 X 60G","46.000 ₫","//static.coopmart.mobi/static/2018/5/18/9/73f59081d100da7c0eab3d388d94a1b1_240x0.jpg"
"1553484612-733","https://coopmart.vn/danh-muc/dong-lanh-and-bao-quan-mat_xqLn09V","Da Bao Coop 250G","44.500 ₫","//static.coopmart.mobi/static/2018/5/18/9/3e0f38d84059e01bccabcf1300f7a596_240x0.jpg"
"1553484612-591","https://coopmart.vn/danh-muc/dong-lanh-and-bao-quan-mat_xqLn09V","Bánh Bao Nhân Bí Đỏ Sữa Tươi Mỹ Hương 300g","21.500 ₫","//static.coopmart.mobi/static/2018/5/18/9/cad7d8e2b175929dd129b6386117c0ca_240x0.jpg"
"1553484612-704","https://coopmart.vn/danh-muc/dong-lanh-and-bao-quan-mat_xqLn09V","Rau Câu Tropical Coop Gói 900G","39.500 ₫","//static.coopmart.mobi/static/2018/5/18/9/264c4d96137c2e6c198e9bb888daa4ce_240x0.jpg"
"1553484612-651","https://coopmart.vn/danh-muc/dong-lanh-and-bao-quan-mat_xqLn09V","Mực Ống Nguyên Con Làm Sạch Hải Nam 500g","116.000 ₫","//static.coopmart.mobi/static/2018/5/18/9/da6c5fd019dec3b920a253714f6c046a_240x0.jpg"
"1553484612-600","https://coopmart.vn/danh-muc/dong-lanh-and-bao-quan-mat_xqLn09V","Xíu Mại Tôm Thịt Coop 300G","40.900 ₫","//static.coopmart.mobi/static/2018/5/18/9/4fe379ef870a7531a2e02edd3554c4e1_240x0.jpg"
"1553484612-806","https://coopmart.vn/danh-muc/dong-lanh-and-bao-quan-mat_xqLn09V","Phô Mai Zelachi Edam gói 100g","39.200 ₫","//static.coopmart.mobi/static/2018/5/18/8/b8d2f90825c91176c017c1b7164dfc5c_240x0.jpg"
"1553484612-678","https://coopmart.vn/danh-muc/dong-lanh-and-bao-quan-mat_xqLn09V","Sữa Chua Ăn Probeauty Lựu 4 Hộp X 100G","28.000 ₫","//static.coopmart.mobi/static/2018/5/18/9/b9c03d21dfd3b5b384bdcdcde1c5f891_240x0.jpg"
"1553484612-701","https://coopmart.vn/danh-muc/dong-lanh-and-bao-quan-mat_xqLn09V","Xúc Xích Frankfurter Cp Gói 200G","30.200 ₫","//static.coopmart.mobi/static/2018/5/18/9/ff31aff3312ae7b3ca00a25b3071ec32_240x0.jpg"
"1553484612-938","https://coopmart.vn/danh-muc/dong-lanh-and-bao-quan-mat_xqLn09V","Cá Sa Ba Tiêu Xanh Sg Food Gói 600G","82.500 ₫","//static.coopmart.mobi/static/2018/5/18/9/97d054b1bb3721a1cc2614a6dede7771_240x0.jpg"
"1553484612-709","https://coopmart.vn/danh-muc/dong-lanh-and-bao-quan-mat_xqLn09V","Cá Trứng Hải Lộc Khay 500G","69.500 ₫","//static.coopmart.mobi/static/2018/5/18/9/4f1c8ff3cf78190bd26b311a6e775467_240x0.jpg"
"1553484612-887","https://coopmart.vn/danh-muc/dong-lanh-and-bao-quan-mat_xqLn09V","Chả Lụa Cá Anfish Gói 500G","32.200 ₫","//static.coopmart.mobi/static/2018/5/18/9/62b34720690d62ce6e57850700c5703a_240x0.jpg"
"1553484612-774","https://coopmart.vn/danh-muc/dong-lanh-and-bao-quan-mat_xqLn09V","Nem Lai Vung Giáo Thơ Cây 200g","18.000 ₫","//static.coopmart.mobi/static/2018/5/18/8/4256416cc96562419eabd431eb9f6f81_240x0.jpg"
"1553484612-743","https://coopmart.vn/danh-muc/dong-lanh-and-bao-quan-mat_xqLn09V","Phô Mai Belcube 15 gói 78g","44.500 ₫","//static.coopmart.mobi/static/2018/5/18/9/0215387d8b38914a28656e3bdc3f50cb_240x0.jpg"
"1553484612-771","https://coopmart.vn/danh-muc/dong-lanh-and-bao-quan-mat_xqLn09V","Surimi Rau Cá Ventuna Gói 200G","61.300 ₫","//static.coopmart.mobi/static/2018/5/18/8/ef02d404db0dadd7af867b9ef0614627_240x0.jpg"
"1553484612-798","https://coopmart.vn/danh-muc/dong-lanh-and-bao-quan-mat_xqLn09V","Thịt Bò Khô Hải Châu 70G","71.500 ₫","//static.coopmart.mobi/static/2018/5/18/8/277b833cdafb307f51ec688e5ad58c05_240x0.jpg"
"1553484612-831","https://coopmart.vn/danh-muc/dong-lanh-and-bao-quan-mat_xqLn09V","Chạo Tôm Cầu Tre Gói 500G","106.900 ₫","//static.coopmart.mobi/static/2018/5/18/8/eedc4e085dcb1df92cdf7f1c9504ea2c_240x0.jpg"
"1553484612-795","https://coopmart.vn/danh-muc/dong-lanh-and-bao-quan-mat_xqLn09V","Bắp Ngọt Mỹ Agri Foods Co Gói 500G","28.600 ₫","//static.coopmart.mobi/static/2018/5/18/8/3985b7af9db63fd72c7b305ea71b6122_240x0.jpg"
"1553484612-703","https://coopmart.vn/danh-muc/dong-lanh-and-bao-quan-mat_xqLn09V","Chả Giò Rế Tôm Cua Cầu Tre 500G","50.300 ₫","//static.coopmart.mobi/static/2018/5/18/9/3a560172b91e98928b0dcb5ac28e3ceb_240x0.jpg"
"1553484612-796","https://coopmart.vn/danh-muc/dong-lanh-and-bao-quan-mat_xqLn09V","Lạp Xưởng Thường Vissan Gói 500G","91.500 ₫","//static.coopmart.mobi/static/2018/5/18/8/fe017471e7e624334fd29566dc079451_240x0.jpg"
"1553484612-818","https://coopmart.vn/danh-muc/dong-lanh-and-bao-quan-mat_xqLn09V","Kim Chi Cải Thảo Cắt Lát Ông Kim'S Hộp 500g","43.900 ₫","null"
"1553484612-836","https://coopmart.vn/danh-muc/dong-lanh-and-bao-quan-mat_xqLn09V","Chả Giò Xốp Con Tôm Cholimex Gói 500G","66.300 ₫","//static.coopmart.mobi/static/2018/5/18/8/24a31fdd049eb69e7700012d3bf6e416_240x0.jpg"
"1553484612-950","https://coopmart.vn/danh-muc/dong-lanh-and-bao-quan-mat_xqLn09V","Chạo Cá Basa Tẩm Cà Ry Coop 300G","28.500 ₫","//static.coopmart.mobi/static/2018/5/18/8/9f2fb9e87f9d9c60afbab97a0a8c0c1a_240x0.jpg"
"1553484612-638","https://coopmart.vn/danh-muc/dong-lanh-and-bao-quan-mat_xqLn09V","Lạp Xưởng Tiêu Mai Quế Lộ Coop 500G","85.200 ₫","//static.coopmart.mobi/static/2018/5/18/9/69c150ab522b89af4d907186c0ae8dd2_240x0.jpg"
"1553484612-908","https://coopmart.vn/danh-muc/dong-lanh-and-bao-quan-mat_xqLn09V","Xúc Xích Heo Vị Tỏi Coop Gói 500G","66.900 ₫","//static.coopmart.mobi/static/2018/5/18/9/09d0315221ba51a1c085491ec4cae434_240x0.jpg"
"1553484612-636","https://coopmart.vn/danh-muc/dong-lanh-and-bao-quan-mat_xqLn09V","Bánh Xếp Thịt Coop 360G","43.900 ₫","//static.coopmart.mobi/static/2018/5/18/9/afbcbaca1930ac746001d26d25058136_240x0.jpg"
"1553484612-942","https://coopmart.vn/danh-muc/dong-lanh-and-bao-quan-mat_xqLn09V","Xúc Xích Cocktail Vissan Gói 500G","73.600 ₫","//static.coopmart.mobi/static/2018/5/18/9/e1041094f2d5bbedf6e70708b3a48ee4_240x0.jpg"
"1553484612-571","https://coopmart.vn/danh-muc/dong-lanh-and-bao-quan-mat_xqLn09V","Kem Wall'S Tub Oreo Cookies 435G","99.000 ₫","//static.coopmart.mobi/static/2018/5/18/9/20243c6cdfc3114fa01b136eff404300_240x0.jpg"
"1553484612-622","https://coopmart.vn/danh-muc/dong-lanh-and-bao-quan-mat_xqLn09V","Sữa Chua Ăn Men Sống Lif Có Đường","15.200 ₫","//static.coopmart.mobi/static/2018/5/18/9/ae5ceaade5a436098e33579d05e6abf2_240x0.jpg"
"1553484612-602","https://coopmart.vn/danh-muc/dong-lanh-and-bao-quan-mat_xqLn09V","Sữa uống lên men vị cam Calpis chai 5 x 80ml","18.900 ₫","//static.coopmart.mobi/static/2018/5/18/9/926a90d4352c1d30351d1d7eff7c6eb6_240x0.jpg"
"1553484612-810","https://coopmart.vn/danh-muc/dong-lanh-and-bao-quan-mat_xqLn09V","Phô Mai Lát Lavache Quirit Burger Gói 200G","51.800 ₫","//static.coopmart.mobi/static/2018/5/18/8/27db335769db54c28a6b0fe686e9bc55_240x0.jpg"
"1553484612-664","https://coopmart.vn/danh-muc/dong-lanh-and-bao-quan-mat_xqLn09V","Váng sữa Mixxi vani 4x62.5g","41.000 ₫","//static.coopmart.mobi/static/2018/5/18/9/5bc4078a43bba26fdda8566bd8ca6e5b_240x0.jpg"
"1553484612-927","https://coopmart.vn/danh-muc/dong-lanh-and-bao-quan-mat_xqLn09V","Bánh Bông Nhài Bảo Minh Gói 180G","23.000 ₫","//static.coopmart.mobi/static/2018/5/18/9/384fedd08c9d8ccfad69d048e00f0797_240x0.jpg"
"1553484612-917","https://coopmart.vn/danh-muc/dong-lanh-and-bao-quan-mat_xqLn09V","Xôi Chiên Phồng Sầu Riêng Coop Gói 500g","23.200 ₫","//static.coopmart.mobi/static/2018/5/18/9/9edfed8148790c05e3feb1547420db2c_240x0.jpg"
"1553484612-689","https://coopmart.vn/danh-muc/dong-lanh-and-bao-quan-mat_xqLn09V","Giò Lụa Coop Gói 500G","71.900 ₫","//static.coopmart.mobi/static/2018/5/18/9/db1d5b3ef56820665a4079e153bc460d_240x0.jpg"
"1553484612-730","https://coopmart.vn/danh-muc/dong-lanh-and-bao-quan-mat_xqLn09V","Bánh Bao Nhân Thịt Heo Trứng Cút Thọ Phát Gói 250G","17.400 ₫","//static.coopmart.mobi/static/2018/5/18/9/4edee329536a561c5081cad35668cd62_240x0.jpg"
"1553484612-945","https://coopmart.vn/danh-muc/dong-lanh-and-bao-quan-mat_xqLn09V","Cá Trứng Mắm Me Coop Khay 250G","37.900 ₫","//static.coopmart.mobi/static/2018/5/18/9/ba5042d6c3e79f5bcec07e2a091c97ff_240x0.jpg"
"1553484612-870","https://coopmart.vn/danh-muc/dong-lanh-and-bao-quan-mat_xqLn09V","Giò Lụa Thủ Vissan Không Hàn The 500G","79.400 ₫","//static.coopmart.mobi/static/2018/5/18/8/2a937fde98c0c44370f117d31d7b1b59_240x0.jpg"
"1553484612-885","https://coopmart.vn/danh-muc/dong-lanh-and-bao-quan-mat_xqLn09V","Rau Hỗn Hợp Đông Lạnh Đôi Đũa Vàng 500G","39.900 ₫","//static.coopmart.mobi/static/2018/5/18/9/ec9598752d8cd9c84d80d02a5e179f92_240x0.jpg"
"1553484612-717","https://coopmart.vn/danh-muc/dong-lanh-and-bao-quan-mat_xqLn09V","Sữa Uống Lên Men Betagen Hương Cam 4x85ml","22.500 ₫","//static.coopmart.mobi/static/2018/5/18/9/061e6ceef9ce360fe1ec3d602c97dea8_240x0.jpg"
"1553484612-699","https://coopmart.vn/danh-muc/dong-lanh-and-bao-quan-mat_xqLn09V","Váng Sữa Zott Monte Sô Cô La 4X55G","63.000 ₫","//static.coopmart.mobi/static/2018/5/18/9/a3167c7ee4dc850bd2ecdf0f4885d765_240x0.jpg"
"1553484612-846","https://coopmart.vn/danh-muc/dong-lanh-and-bao-quan-mat_xqLn09V","Cá Trứng Tẩm Cốm Coop 250G","45.900 ₫","//static.coopmart.mobi/static/2018/5/18/8/caccc2510f27a88e5fd7f119f23c26ce_240x0.jpg"
"1553484612-780","https://coopmart.vn/danh-muc/dong-lanh-and-bao-quan-mat_xqLn09V","Kem Vinamilk Dâu 450Ml","38.700 ₫","//static.coopmart.mobi/static/2018/5/18/8/f16c55fdebac5b6c84dc90200c7d6b40_240x0.jpg"
"1553484612-859","https://coopmart.vn/danh-muc/dong-lanh-and-bao-quan-mat_xqLn09V","Cá Viên Basa Agifish Gói 250G","20.900 ₫","//static.coopmart.mobi/static/2018/5/18/8/820bf8ad75acfcf89253bbe4d8553a6e_240x0.jpg"
"1553484612-902","https://coopmart.vn/danh-muc/dong-lanh-and-bao-quan-mat_xqLn09V","Chả Cá Basa Thì Là Chiên Anfish Gói 300G","28.600 ₫","//static.coopmart.mobi/static/2018/5/18/9/41ade4a39a10da703a85ec82aa45fc71_240x0.jpg"
"1553484612-738","https://coopmart.vn/danh-muc/dong-lanh-and-bao-quan-mat_xqLn09V","Đầu Cá Hồi Coop Gói 500G","47.500 ₫","//static.coopmart.mobi/static/2018/5/18/9/4f9f57bbf5ba0261a9ffaac579dc3ca5_240x0.jpg"
"1553484612-598","https://coopmart.vn/danh-muc/dong-lanh-and-bao-quan-mat_xqLn09V","Khoai Tây Chiên Classic Mydibel 1Kg","64.500 ₫","//static.coopmart.mobi/static/2018/5/18/9/fb6e707416f8990d53c0806413acca72_240x0.jpg"
"1553484612-633","https://coopmart.vn/danh-muc/dong-lanh-and-bao-quan-mat_xqLn09V","Kem Quiches' Double Berry Hộp 500Ml","88.000 ₫","//static.coopmart.mobi/static/2018/5/18/9/1288fb3aa4c4d6eb8bb8470c5e4214d8_240x0.jpg"
"1553484612-779","https://coopmart.vn/danh-muc/dong-lanh-and-bao-quan-mat_xqLn09V","Kem Vinamilk Sầu Riêng 450Ml","38.700 ₫","//static.coopmart.mobi/static/2018/5/18/8/b8733739be4a0360ccc9fa6a6d05bfc4_240x0.jpg"
"1553484612-964","https://coopmart.vn/danh-muc/dong-lanh-and-bao-quan-mat_xqLn09V","Bánh Hấp Sữa Tươi Chocolate Việt Quán Gói 300g","19.000 ₫","//static.coopmart.mobi/static/2018/5/18/8/243f75ca7753dbf8aa42e03c6f9571e5_240x0.jpg"
"1553484612-624","https://coopmart.vn/danh-muc/dong-lanh-and-bao-quan-mat_xqLn09V","Chả Bò Cầu Tre 500G","139.500 ₫","//static.coopmart.mobi/static/2018/5/18/9/26f0c423f1072f35b7387e79542d437d_240x0.jpg"
"1553484612-670","https://coopmart.vn/danh-muc/dong-lanh-and-bao-quan-mat_xqLn09V","Kem Wall'S Sôcôla Double Dutch 750ml","99.000 ₫","//static.coopmart.mobi/static/2018/5/18/9/dcab3a8b9d74856069f940d266fb1168_240x0.jpg"
"1553484612-671","https://coopmart.vn/danh-muc/dong-lanh-and-bao-quan-mat_xqLn09V","Xúc Xích Phô Mai Cp 200G","42.700 ₫","//static.coopmart.mobi/static/2018/5/18/9/bddd5b930b1eed8a5c7f66f651dbeadc_240x0.jpg"
"1553484612-773","https://coopmart.vn/danh-muc/dong-lanh-and-bao-quan-mat_xqLn09V","Nem Lai Vung Giáo Thơ Hộp 10 Cái 200G","22.500 ₫","//static.coopmart.mobi/static/2018/5/18/8/f884f295955036911b7d77ca0f4c7b43_240x0.jpg"
"1553484612-685","https://coopmart.vn/danh-muc/dong-lanh-and-bao-quan-mat_xqLn09V","Bắp Non Vỉ Sông Xanh 200G","11.500 ₫","//static.coopmart.mobi/static/2018/5/18/9/9c9abd6d5603fdfd6caf7efd599cf376_240x0.jpg"
"1553484612-921","https://coopmart.vn/danh-muc/dong-lanh-and-bao-quan-mat_xqLn09V","Cá Saba Tẩm Gia Vị Tiêu Xanh Sg Food Gói 500G","62.200 ₫","//static.coopmart.mobi/static/2018/5/18/9/be686ccbd7e1dc68cc731652d0abfe1e_240x0.jpg"
"1553484612-813","https://coopmart.vn/danh-muc/dong-lanh-and-bao-quan-mat_xqLn09V","Bơ Margarine Trường An Hộp 200G","12.000 ₫","//static.coopmart.mobi/static/2018/5/18/8/f56585e11ef6c3b997368da0a04effdc_240x0.jpg"
"1553484612-595","https://coopmart.vn/danh-muc/dong-lanh-and-bao-quan-mat_xqLn09V","Cá Đù 1 Nắng Coop 300g","55.500 ₫","//static.coopmart.mobi/static/2018/5/18/9/28fb03de7795631fb028c01fa87a636c_240x0.jpg"
"1553484612-776","https://coopmart.vn/danh-muc/dong-lanh-and-bao-quan-mat_xqLn09V","Xúc Xích Thụy Sĩ Angst Trường Vinh 200G","43.000 ₫","//static.coopmart.mobi/static/2018/5/18/8/b1ba3fae8ac74a37cb0358215302b5d4_240x0.jpg"
"1553484612-641","https://coopmart.vn/danh-muc/dong-lanh-and-bao-quan-mat_xqLn09V","Sữa Chua Nha Đam Tự Nhiên TH True Yogurt 4x100g","29.500 ₫","//static.coopmart.mobi/static/2018/5/18/9/3ad30c80798754f55b404145eea14627_240x0.jpg"
"1553484612-635","https://coopmart.vn/danh-muc/dong-lanh-and-bao-quan-mat_xqLn09V","Chả Giò Hải Sản Mayo Coop 400G","58.900 ₫","//static.coopmart.mobi/static/2018/5/18/9/92faf546731f810837e347a0023228d4_240x0.jpg"
"1553484612-616","https://coopmart.vn/danh-muc/dong-lanh-and-bao-quan-mat_xqLn09V","Bánh Xếp Tôm Thịt Bamboo 250g","29.500 ₫","//static.coopmart.mobi/static/2018/5/18/9/653971692dc9f6c38ab279e056864271_240x0.jpg"
"1553484612-707","https://coopmart.vn/danh-muc/dong-lanh-and-bao-quan-mat_xqLn09V","Kem Merino Cacao Sôcôla 5 que 340g","55.900 ₫","//static.coopmart.mobi/static/2018/5/18/9/746a166d09ba543bcfb0d4911dfbcee4_240x0.jpg"
"1553484612-601","https://coopmart.vn/danh-muc/dong-lanh-and-bao-quan-mat_xqLn09V","Chả Giò Hoa Mai Nhân Thịt Da Xốp Cầu Tre Gói 500G","45.400 ₫","//static.coopmart.mobi/static/2018/5/18/9/35f5a626920a736fe4aa9efe098ad71d_240x0.jpg"
"1553484612-890","https://coopmart.vn/danh-muc/dong-lanh-and-bao-quan-mat_xqLn09V","Cá Trứng Đôi Đũa Vàng 500G","77.700 ₫","//static.coopmart.mobi/static/2018/5/18/9/dcae360d56af6d5c640b3d3526356b5d_240x0.jpg"
"1553484612-751","https://coopmart.vn/danh-muc/dong-lanh-and-bao-quan-mat_xqLn09V","Sữa chua uống Probi có đường lốc 5 x 65ml","21.900 ₫","//static.coopmart.mobi/static/2018/5/18/9/3db7c90e8b31fd0b9bea1a59c38fa19c_240x0.jpg"
"1553484612-711","https://coopmart.vn/danh-muc/dong-lanh-and-bao-quan-mat_xqLn09V","Rau Hỗn Hợp Đông Lạnh Sg Food Gói 500G","35.400 ₫","//static.coopmart.mobi/static/2018/5/18/9/7db4eb05b4f278f19cbb4cf30c38a2a1_240x0.jpg"
"1553484612-719","https://coopmart.vn/danh-muc/dong-lanh-and-bao-quan-mat_xqLn09V","Lạp Xưởng Tôm Coop Hộp 500G","109.000 ₫","//static.coopmart.mobi/static/2018/5/18/9/23048631a4e940512b15a35c0d06df97_240x0.jpg"
"1553484612-697","https://coopmart.vn/danh-muc/dong-lanh-and-bao-quan-mat_xqLn09V","Bánh Bao Nhân Thịt Heo Trứng Muối Thọ Phát 400g","31.600 ₫","//static.coopmart.mobi/static/2018/5/18/9/7f8a0987d57f0f7d5e61544b80f9602c_240x0.jpg"
"1553484612-694","https://coopmart.vn/danh-muc/dong-lanh-and-bao-quan-mat_xqLn09V","Cá Saba Tẩm Sa Tế Coop Gói 500G","62.500 ₫","//static.coopmart.mobi/static/2018/5/18/9/075bbb2b39cc59aefb627f8e46ab345a_240x0.jpg"
"1553484612-607","https://coopmart.vn/danh-muc/dong-lanh-and-bao-quan-mat_xqLn09V","Phô Mai La Vache Quirit Con Bò Cười Vị Cua Hộp 120G","30.000 ₫","//static.coopmart.mobi/static/2018/5/18/9/28a402d6a1a45aefe937377de6b334bb_240x0.jpg"
"1553484612-781","https://coopmart.vn/danh-muc/dong-lanh-and-bao-quan-mat_xqLn09V","Bánh Màn Thầu Dứa Dừa Việt Quán Gói 300g","16.500 ₫","//static.coopmart.mobi/static/2018/5/18/8/d4671d53a8fccf79d82e0fcb3764a325_240x0.jpg"
"1553484612-967","https://coopmart.vn/danh-muc/dong-lanh-and-bao-quan-mat_xqLn09V","Cá Viên Hành Ớt Coop Gói 500G","63.900 ₫","//static.coopmart.mobi/static/2018/5/18/8/828df227f224f46a69b2bb96b34d5c9b_240x0.jpg"
"1553484612-805","https://coopmart.vn/danh-muc/dong-lanh-and-bao-quan-mat_xqLn09V","Bơ Đậu Phộng Mịn Golden Farm 340g","60.200 ₫","//static.coopmart.mobi/static/2018/5/18/8/5825cc822d390d709dec21c2beb26af7_240x0.jpg"
"1553484612-727","https://coopmart.vn/danh-muc/dong-lanh-and-bao-quan-mat_xqLn09V","Sữa Yaourt Long Thành Có Đường Chai Nhỏ 190Ml","14.200 ₫","//static.coopmart.mobi/static/2018/5/18/9/9d902ea4102a3784e1e89c85706c0d0e_240x0.jpg"
"1553484612-674","https://coopmart.vn/danh-muc/dong-lanh-and-bao-quan-mat_xqLn09V","Chả Cá Basa Chiên Anfish 300G","28.600 ₫","//static.coopmart.mobi/static/2018/5/18/9/24cdfc5b6cbbb6c3c283d8b14ff659ad_240x0.jpg"
"1553484612-740","https://coopmart.vn/danh-muc/dong-lanh-and-bao-quan-mat_xqLn09V","Cá Sa Ba Coop Gói 500G","49.500 ₫","//static.coopmart.mobi/static/2018/5/18/9/271009b0239224b486c3e9dd9586238b_240x0.jpg"
"1553484612-896","https://coopmart.vn/danh-muc/dong-lanh-and-bao-quan-mat_xqLn09V","Cá Basa Cắt Khoanh Coop 500G","32.500 ₫","//static.coopmart.mobi/static/2018/5/18/9/4248a206f48212e590526d19145d22da_240x0.jpg"
"1553484612-754","https://coopmart.vn/danh-muc/dong-lanh-and-bao-quan-mat_xqLn09V","Xúc Xích Dinh Dưỡng Bò Tiệt Trùng Vissan Gói 175G","19.900 ₫","//static.coopmart.mobi/static/2018/5/18/9/1dba43491d2ae1da52f6a5e3f34cf3cc_240x0.jpg"
"1553484612-575","https://coopmart.vn/danh-muc/dong-lanh-and-bao-quan-mat_xqLn09V","Cá Hồi Cắt Thỏi Hải Nam 200G","92.900 ₫","//static.coopmart.mobi/static/2018/5/18/9/bbc78f258048e9f76eeaee20f8ab92b0_240x0.jpg"
"1553484612-924","https://coopmart.vn/danh-muc/dong-lanh-and-bao-quan-mat_xqLn09V","Tôm Khô An Vĩnh Hộp 400g","447.000 ₫","//static.coopmart.mobi/static/2018/5/18/9/8f28f6744aca7ee755eff9a30b62825e_240x0.jpg"
"1553484612-632","https://coopmart.vn/danh-muc/dong-lanh-and-bao-quan-mat_xqLn09V","Hạt Sen Tươi Sen Ta Gói 200G","63.000 ₫","//static.coopmart.mobi/static/2018/5/18/9/6b00542e9ba3177987dddb8e438930d7_240x0.jpg"
"1553484612-862","https://coopmart.vn/danh-muc/dong-lanh-and-bao-quan-mat_xqLn09V","Xúc Xích Vealz Cp Gói 250G","40.500 ₫","/assets/img/placeholder.jpg"
"1553484612-880","https://coopmart.vn/danh-muc/dong-lanh-and-bao-quan-mat_xqLn09V","Lườn Cá Hồi Tân Hải Hòa Gói 500G","55.000 ₫","//static.coopmart.mobi/static/2018/5/18/9/33a96bee870f9b5f7758a0f5ae1435fa_240x0.jpg"
"1553484612-584","https://coopmart.vn/danh-muc/dong-lanh-and-bao-quan-mat_xqLn09V","Súp Hoành Thánh Tôm Rong Biển Cầu Tre 300g","25.000 ₫","//static.coopmart.mobi/static/2018/5/18/9/d48472ed25da1e55e86595c0b630f209_240x0.jpg"
"1553484612-931","https://coopmart.vn/danh-muc/dong-lanh-and-bao-quan-mat_xqLn09V","Chả Cá Basa Hấp Anfish Gói 500G","31.000 ₫","//static.coopmart.mobi/static/2018/5/18/9/d52d5588f0e71267ca6377c26dda793e_240x0.jpg"
"1553484612-614","https://coopmart.vn/danh-muc/dong-lanh-and-bao-quan-mat_xqLn09V","Ba Sa Tẩm Bột Tempura Coop Gói 300G","31.500 ₫","//static.coopmart.mobi/static/2018/5/18/9/cbaba16ae33d5c1a529354a0ac5697c3_240x0.jpg"
"1553484612-871","https://coopmart.vn/danh-muc/dong-lanh-and-bao-quan-mat_xqLn09V","Giò Lụa Vissan Cây 250G","43.700 ₫","//static.coopmart.mobi/static/2018/5/18/8/25f57b52a944516bd7e0993a396a3d4c_240x0.jpg"
"1553484612-675","https://coopmart.vn/danh-muc/dong-lanh-and-bao-quan-mat_xqLn09V","Xúc Xích Gold Cp Gói 200G","22.800 ₫","//static.coopmart.mobi/static/2018/5/18/9/124afc8bcca9bd09c3c3c799627ce2ac_240x0.jpg"
"1553484612-916","https://coopmart.vn/danh-muc/dong-lanh-and-bao-quan-mat_xqLn09V","Chân Giò Rút Xương Coop Gói 900 - 1100g","216.500 ₫","//static.coopmart.mobi/static/2018/5/18/9/670799c7b73ad4198ea2cde8a97ad224_240x0.jpg"
"1553484612-832","https://coopmart.vn/danh-muc/dong-lanh-and-bao-quan-mat_xqLn09V","Hoành Thánh Wonton Vissan Gói 200G","19.800 ₫","//static.coopmart.mobi/static/2018/5/18/8/65f3d89b80426c9d84e5899a0fc52ae9_240x0.jpg"
"1553484612-710","https://coopmart.vn/danh-muc/dong-lanh-and-bao-quan-mat_xqLn09V","Đậu Hà Lan Sg Food Gói 500G","47.600 ₫","//static.coopmart.mobi/static/2018/5/18/9/48b1e6a22be05f3174dadca372f7b8e6_240x0.jpg"
"1553484612-822","https://coopmart.vn/danh-muc/dong-lanh-and-bao-quan-mat_xqLn09V","Hải Sản Ngũ Sắc Gói 300g","39.000 ₫","null"
"1553484612-579","https://coopmart.vn/danh-muc/dong-lanh-and-bao-quan-mat_xqLn09V","Cá Viên Nhân Tôm Sg Food Gói 500G","75.500 ₫","//static.coopmart.mobi/static/2018/5/18/9/e3d23e78fe20acd205e1b2a6b906fd8a_240x0.jpg"
"1553484612-720","https://coopmart.vn/danh-muc/dong-lanh-and-bao-quan-mat_xqLn09V","Sữa Yaourt Long Thành Có Đường Chai 880ml","42.800 ₫","//static.coopmart.mobi/static/2018/5/18/9/d428dc8770628192339ce734a677141a_240x0.jpg"
"1553484612-609","https://coopmart.vn/danh-muc/dong-lanh-and-bao-quan-mat_xqLn09V","Phô Mai Pate Vinamilk 120G","25.000 ₫","//static.coopmart.mobi/static/2018/5/18/9/32ba4ea8019f5717847ff8f3406dc175_240x0.jpg"
"1553484612-702","https://coopmart.vn/danh-muc/dong-lanh-and-bao-quan-mat_xqLn09V","Giò Lụa Đặc Biệt Vissan 500G","97.600 ₫","//static.coopmart.mobi/static/2018/5/18/9/3d6287ba378b0434a2387ddd6255a4d6_240x0.jpg"
"1553484612-660","https://coopmart.vn/danh-muc/dong-lanh-and-bao-quan-mat_xqLn09V","Sữa chua Susu hương cam 6x 80ml","23.300 ₫","//static.coopmart.mobi/static/2018/5/18/9/cdbbfc257570b88bd4720e873055399c_240x0.jpg"
"1553484612-656","https://coopmart.vn/danh-muc/dong-lanh-and-bao-quan-mat_xqLn09V","Nem Cua Bể Coop Gói 500G","61.600 ₫","//static.coopmart.mobi/static/2018/5/18/9/b38582cb7895051c9e797ddc0835a49a_240x0.jpg"
"1553484612-882","https://coopmart.vn/danh-muc/dong-lanh-and-bao-quan-mat_xqLn09V","Xúc Xích Heo Xông Khói Hương Vị Đức Coop 500G","71.900 ₫","//static.coopmart.mobi/static/2018/5/18/9/c30f3b37285ba15c5e9be025ced07f86_240x0.jpg"
"1553484612-640","https://coopmart.vn/danh-muc/dong-lanh-and-bao-quan-mat_xqLn09V","Sữa Chua Uống Việt Quất Th True 4 X 100Ml","29.200 ₫","//static.coopmart.mobi/static/2018/5/18/9/701cd447b1ac2df0a516556b4d5edf19_240x0.jpg"
"1553484612-647","https://coopmart.vn/danh-muc/dong-lanh-and-bao-quan-mat_xqLn09V","Chả Cá Viên Sg Food Gói 500G","62.300 ₫","//static.coopmart.mobi/static/2018/5/18/9/78ffcf3cab7937e35421b73cdcd38b89_240x0.jpg"
"1553484612-898","https://coopmart.vn/danh-muc/dong-lanh-and-bao-quan-mat_xqLn09V","Nộm Sứa Tĩnh Gia Nhật Minh Gói 1Kg","76.800 ₫","//static.coopmart.mobi/static/2018/5/18/9/6e452f045b348e9520957391997d9006_240x0.jpg"
"1553484612-596","https://coopmart.vn/danh-muc/dong-lanh-and-bao-quan-mat_xqLn09V","Xúc Xích Bò Tiệt Trùng Vissan Gói 90G","10.500 ₫","//static.coopmart.mobi/static/2018/5/18/9/df5fe34196c695f148f2f5009bbc21d5_240x0.jpg"
"1553484612-758","https://coopmart.vn/danh-muc/dong-lanh-and-bao-quan-mat_xqLn09V","Há Cảo Tôm Top.V Gói 300G","51.000 ₫","//static.coopmart.mobi/static/2018/5/18/9/9c9bafaf68b402c22b3923bf2f560a7c_240x0.jpg"
"1553484612-878","https://coopmart.vn/danh-muc/dong-lanh-and-bao-quan-mat_xqLn09V","Sữa chua uống Probi ít đường lốc 5 x 65ml","21.900 ₫","//static.coopmart.mobi/static/2018/5/18/9/c2c186f797248780b0157f6457dd362f_240x0.jpg"
"1553484612-645","https://coopmart.vn/danh-muc/dong-lanh-and-bao-quan-mat_xqLn09V","Sữa chua uống Probi hương dâu lốc 5 x 65ml","21.900 ₫","//static.coopmart.mobi/static/2018/5/18/9/aa6ec880e8ad0c7fbb61b0e7387bf0ff_240x0.jpg"
"1553484612-825","https://coopmart.vn/danh-muc/dong-lanh-and-bao-quan-mat_xqLn09V","Ốc Nhồi Ba Sa Agifish 250g","28.600 ₫","null"
"1553484612-804","https://coopmart.vn/danh-muc/dong-lanh-and-bao-quan-mat_xqLn09V","Mực Ống Gim An Vĩnh Khay 400G","98.500 ₫","//static.coopmart.mobi/static/2018/5/18/8/7ef3d8f687d14cc6980c5c5bcbe120f9_240x0.jpg"
"1553484612-929","https://coopmart.vn/danh-muc/dong-lanh-and-bao-quan-mat_xqLn09V","Tôm Thịt 51/70 450g","145.500 ₫","//static.coopmart.mobi/static/2018/5/18/9/7dedc5fcdc7d82318afe892058f35181_240x0.jpg"
"1553484612-599","https://coopmart.vn/danh-muc/dong-lanh-and-bao-quan-mat_xqLn09V","Váng sữa Zott Monte Drink Vani lốc 4x95ml","58.500 ₫","//static.coopmart.mobi/static/2018/5/18/9/0fbad635c2ab8507fabddd3d675fc222_240x0.jpg"
"1553484612-879","https://coopmart.vn/danh-muc/dong-lanh-and-bao-quan-mat_xqLn09V","Sữa Chua Đá Welyo Multipack 18 X 50G","58.000 ₫","//static.coopmart.mobi/static/2018/5/18/9/297c19c348c117a17310a395427a4c2c_240x0.jpg"
"1553484612-834","https://coopmart.vn/danh-muc/dong-lanh-and-bao-quan-mat_xqLn09V","Chả Giò Thịt Đặc Biệt Cầu Tre Gói 500G","54.200 ₫","//static.coopmart.mobi/static/2018/5/18/8/4d4b08f064aa9ab2965ce235c4469052_240x0.jpg"
"1553484612-897","https://coopmart.vn/danh-muc/dong-lanh-and-bao-quan-mat_xqLn09V","Xúc Xích Xông Khói Con Heo Vàng Nh Foods 500G","101.300 ₫","//static.coopmart.mobi/static/2018/5/18/9/ffafbcab71e749f96f89937625de5f61_240x0.jpg"
"1553484612-952","https://coopmart.vn/danh-muc/dong-lanh-and-bao-quan-mat_xqLn09V","Khoai Tây Đông Lạnh Lutosa Shoestrings - Allumettes Lutosa Gói 2.5Kg","134.000 ₫","//static.coopmart.mobi/static/2018/5/18/8/d4e787c72ae06797b21a3f86b1913dd7_240x0.jpg"
"1553484612-721","https://coopmart.vn/danh-muc/dong-lanh-and-bao-quan-mat_xqLn09V","Sữa lên men Betagen hương dâu lốc 4 x 85ml","22.500 ₫","//static.coopmart.mobi/static/2018/5/18/9/d5d2cbf74769104b12c92f53f3e99d99_240x0.jpg"
"1553484612-725","https://coopmart.vn/danh-muc/dong-lanh-and-bao-quan-mat_xqLn09V","Thịt Càng Ghẹ Apt Gói 200G","100.200 ₫","//static.coopmart.mobi/static/2018/5/18/9/4b81ac30612c7cb4ac7dff2d87533565_240x0.jpg"
"1553484612-649","https://coopmart.vn/danh-muc/dong-lanh-and-bao-quan-mat_xqLn09V","Xôi Chiên Phồng Lá Dứa 500G","20.900 ₫","//static.coopmart.mobi/static/2018/5/18/9/af4b5a3fa09ae6b98191457860ea86a3_240x0.jpg"
"1553484612-856","https://coopmart.vn/danh-muc/dong-lanh-and-bao-quan-mat_xqLn09V","Bánh Hấp Sữa Tươi Khoai Môn Việt Quán Gói 300g","19.000 ₫","//static.coopmart.mobi/static/2018/5/18/8/2d97d732fe08270ce37bcea472c64673_240x0.jpg"
"1553484612-587","https://coopmart.vn/danh-muc/dong-lanh-and-bao-quan-mat_xqLn09V","Sữa Chua Uống Probi Có Đường Lốc 4 Hộp X 130Ml","31.700 ₫","//static.coopmart.mobi/static/2018/5/18/9/2044f02158c513bd5bad373cd9286013_240x0.jpg"
"1553484612-757","https://coopmart.vn/danh-muc/dong-lanh-and-bao-quan-mat_xqLn09V","Xúc Xích Vườn Bia Le Gourmet Gói 200G","43.700 ₫","//static.coopmart.mobi/static/2018/5/18/9/a8ebbc35d5d58601919f81fe3d27234e_240x0.jpg"
"1553484612-769","https://coopmart.vn/danh-muc/dong-lanh-and-bao-quan-mat_xqLn09V","Kem Vinamilk Khoai Môn 450Ml","38.700 ₫","//static.coopmart.mobi/static/2018/5/18/8/396d44199337fbf051509ca28d55330f_240x0.jpg"
"1553484612-959","https://coopmart.vn/danh-muc/dong-lanh-and-bao-quan-mat_xqLn09V","Chả Giò Con Tôm Vissan Gói 250G","31.400 ₫","//static.coopmart.mobi/static/2018/5/18/8/0947bdc835551277ca4b98c8dc6fca1f_240x0.jpg"
"1553484612-715","https://coopmart.vn/danh-muc/dong-lanh-and-bao-quan-mat_xqLn09V","Mực Ống Làm Sạch Vỉ 500g","112.300 ₫","//static.coopmart.mobi/static/2018/5/18/9/d029ba315335f97c1cc2219432545c1b_240x0.jpg"
"1553484612-597","https://coopmart.vn/danh-muc/dong-lanh-and-bao-quan-mat_xqLn09V","Xúc Xích Tiệt Trùng Heo Vissan Gói 90G","10.500 ₫","//static.coopmart.mobi/static/2018/5/18/9/3cbfea85c51beb5b8907eea2975cd121_240x0.jpg"
"1553484612-569","https://coopmart.vn/danh-muc/dong-lanh-and-bao-quan-mat_xqLn09V","Chả Chay D&D 200G","41.900 ₫","//static.coopmart.mobi/static/2018/5/18/9/90e14fcaa9ea2bdbda2b1d4e202d3d23_240x0.jpg"
"1553484612-960","https://coopmart.vn/danh-muc/dong-lanh-and-bao-quan-mat_xqLn09V","Lẩu Thái Sg Coop Gói 500G","76.900 ₫","//static.coopmart.mobi/static/2018/5/18/8/48517be31f2e45b8bf3774f036ee3a96_240x0.jpg"
"1553484612-610","https://coopmart.vn/danh-muc/dong-lanh-and-bao-quan-mat_xqLn09V","Sữa Chua Uống Lif Kun Hương Cam 4 Hộp x 180Ml","27.300 ₫","//static.coopmart.mobi/static/2018/5/18/9/58820168ae6d7b5b5a75c5c28ff573e4_240x0.jpg"
"1553484612-842","https://coopmart.vn/danh-muc/dong-lanh-and-bao-quan-mat_xqLn09V","Chả Giò Đặc Biệt Hải Sản Cầu Tre Gói 500G","50.600 ₫","//static.coopmart.mobi/static/2018/5/18/8/e6fbeb18262eb25da6e5d608edfc1ed3_240x0.jpg"
"1553484612-679","https://coopmart.vn/danh-muc/dong-lanh-and-bao-quan-mat_xqLn09V","Bánh Bao Nhân Chay Thọ Phát 400G","26.800 ₫","//static.coopmart.mobi/static/2018/5/18/9/3ab3abc96592c829cef875364d1f16b8_240x0.jpg"
"1553484612-682","https://coopmart.vn/danh-muc/dong-lanh-and-bao-quan-mat_xqLn09V","Da Bao Coop Gói 250G","42.500 ₫","//static.coopmart.mobi/static/2018/5/18/9/736ae5c4a53a534248db19fb0f50b010_240x0.jpg"
"1553484612-785","https://coopmart.vn/danh-muc/dong-lanh-and-bao-quan-mat_xqLn09V","Basa Phi Lê Muối Sả Ớt Coop Gói 250G","24.900 ₫","//static.coopmart.mobi/static/2018/5/18/8/8b40efad476cbdf4ccf0da590eb3a145_240x0.jpg"
"1553484612-874","https://coopmart.vn/danh-muc/dong-lanh-and-bao-quan-mat_xqLn09V","Khô Cá Lóc Coop 400G","126.900 ₫","//static.coopmart.mobi/static/2018/5/18/9/c00274ffc3e8606b07ab04bb86eddffc_240x0.jpg"
"1553484612-676","https://coopmart.vn/danh-muc/dong-lanh-and-bao-quan-mat_xqLn09V","Xúc Xích Red Tiệt Trùng Cp Gói 200G","22.800 ₫","//static.coopmart.mobi/static/2018/5/18/9/9eb17bc2495ec1c520055ff91d68401d_240x0.jpg"
"1553484612-642","https://coopmart.vn/danh-muc/dong-lanh-and-bao-quan-mat_xqLn09V","Sữa Chua Th True Yogurt Có Đường 4 X 100G","24.000 ₫","//static.coopmart.mobi/static/2018/5/18/9/5a0e7fbd89c86d54ab439f7385af2c6c_240x0.jpg"
"1553484612-841","https://coopmart.vn/danh-muc/dong-lanh-and-bao-quan-mat_xqLn09V","Chả Giò Rế Cầu Tre 300G","30.000 ₫","//static.coopmart.mobi/static/2018/5/18/8/e0e69e5c1fc922282782b1e431a8ce77_240x0.jpg"
"1553484612-800","https://coopmart.vn/danh-muc/dong-lanh-and-bao-quan-mat_xqLn09V","Xúc Xích Cocktail Xông Khói Cp Gói 250G","37.200 ₫","//static.coopmart.mobi/static/2018/5/18/8/1bdfe00a96ee559a9f5adf47149bd6fe_240x0.jpg"
"1553484612-948","https://coopmart.vn/danh-muc/dong-lanh-and-bao-quan-mat_xqLn09V","Cá Trứng Tân Hải Hòa 200G","20.900 ₫","//static.coopmart.mobi/static/2018/5/18/8/8109ef10a2c2d507bc5bfc286e2e7e05_240x0.jpg"
"1553484612-824","https://coopmart.vn/danh-muc/dong-lanh-and-bao-quan-mat_xqLn09V","Hoành Thánh Tôm Thịt Đặc Biệt Vissan Gói 200G","26.900 ₫","null"
"1553484612-573","https://coopmart.vn/danh-muc/dong-lanh-and-bao-quan-mat_xqLn09V","Hải Sản Thập Cẩm Coop Khay 400G","121.900 ₫","//static.coopmart.mobi/static/2018/5/18/9/ea73e099b77a5a7aea7cbeafe18c8901_240x0.jpg"
"1553484612-714","https://coopmart.vn/danh-muc/dong-lanh-and-bao-quan-mat_xqLn09V","Cá Viên Tân Việt Sin Gói 200G","32.400 ₫","//static.coopmart.mobi/static/2018/5/18/9/460dbc8682a1d15a701b53d009838224_240x0.jpg"
"1553484612-809","https://coopmart.vn/danh-muc/dong-lanh-and-bao-quan-mat_xqLn09V","Phô Mai Lát Lavache Quirit Light Gói 200G","51.800 ₫","//static.coopmart.mobi/static/2018/5/18/8/fa4a52b66e714bef170274656b316072_240x0.jpg"
"1553484612-851","https://coopmart.vn/danh-muc/dong-lanh-and-bao-quan-mat_xqLn09V","Bò Viên Tân Việt Sin Gói 500G","104.300 ₫","//static.coopmart.mobi/static/2018/5/18/8/9ad0cc89cb4116907c6ae5c2429db38c_240x0.jpg"
"1553484612-582","https://coopmart.vn/danh-muc/dong-lanh-and-bao-quan-mat_xqLn09V","Nem Nướng Xiên Que Cầu Tre 400G","65.000 ₫","//static.coopmart.mobi/static/2018/5/18/9/31572da70c8106758ea7ed0a2778fc78_240x0.jpg"
"1553484612-854","https://coopmart.vn/danh-muc/dong-lanh-and-bao-quan-mat_xqLn09V","Bánh Bao Đậu Xanh Sữa Tươi Việt Quán Gói 180G","13.800 ₫","//static.coopmart.mobi/static/2018/5/18/8/91eaaae0adc92c4691f04f225dc12c4b_240x0.jpg"
"1553484612-657","https://coopmart.vn/danh-muc/dong-lanh-and-bao-quan-mat_xqLn09V","Chả Giò Tôm Baby Coop Gói 500G","63.900 ₫","//static.coopmart.mobi/static/2018/5/18/9/422c92a7e8d92ee14f91b35b69f843ad_240x0.jpg"
"1553484612-852","https://coopmart.vn/danh-muc/dong-lanh-and-bao-quan-mat_xqLn09V","Bò Viên Cầu Tre 200G","37.900 ₫","//static.coopmart.mobi/static/2018/5/18/8/f6bc2d5a5f9858f115461527b538b8b9_240x0.jpg"
"1553484612-899","https://coopmart.vn/danh-muc/dong-lanh-and-bao-quan-mat_xqLn09V","Vây Cá Hồi Phi Long 500G","51.300 ₫","//static.coopmart.mobi/static/2018/5/18/9/278410de27700c363c8966ebf5123545_240x0.jpg"
"1553484612-928","https://coopmart.vn/danh-muc/dong-lanh-and-bao-quan-mat_xqLn09V","Tôm Thịt 31/40 450g","158.200 ₫","//static.coopmart.mobi/static/2018/5/18/9/5658cbe4b262ffcb487b7e6ebbaed3b2_240x0.jpg"
"1553484612-956","https://coopmart.vn/danh-muc/dong-lanh-and-bao-quan-mat_xqLn09V","Cá Viên Coop Gói 500G","63.900 ₫","//static.coopmart.mobi/static/2018/5/18/8/adff229820e062a62f12932e3ad72441_240x0.jpg"
"1553484612-911","https://coopmart.vn/danh-muc/dong-lanh-and-bao-quan-mat_xqLn09V","Jambon Vai Coop Gói 500G","78.900 ₫","//static.coopmart.mobi/static/2018/5/18/9/b49946d471581d39e1c0c3400f21aea9_240x0.jpg"
"1553484612-835","https://coopmart.vn/danh-muc/dong-lanh-and-bao-quan-mat_xqLn09V","Chả Giò Hải Sản Vissan Gói 500G","46.000 ₫","//static.coopmart.mobi/static/2018/5/18/8/8fe52dd0263bfa111c3555077c352f17_240x0.jpg"
"1553484612-568","https://coopmart.vn/danh-muc/dong-lanh-and-bao-quan-mat_xqLn09V","Xôi Chiên Phồng Coop","28.500 ₫","//static.coopmart.mobi/static/2018/5/18/9/cd700406c0b9f27b12a4483afffb2fa2_240x0.jpg"
"1553484612-939","https://coopmart.vn/danh-muc/dong-lanh-and-bao-quan-mat_xqLn09V","Tôm Khô An Vĩnh Hộp 200g","225.000 ₫","//static.coopmart.mobi/static/2018/5/18/9/8ff717f6c6b683c76d7bd3110c7a7fd9_240x0.jpg"
"1553484612-865","https://coopmart.vn/danh-muc/dong-lanh-and-bao-quan-mat_xqLn09V","Giò Lụa Vissan Cây 500G","79.400 ₫","null"
"1553484612-912","https://coopmart.vn/danh-muc/dong-lanh-and-bao-quan-mat_xqLn09V","Lạp Xưởng Mai Quế Lộ Coop Hộp 500G","86.900 ₫","//static.coopmart.mobi/static/2018/5/18/9/7bb86267b89ef242fd8f1ee0e2de48de_240x0.jpg"
"1553484612-765","https://coopmart.vn/danh-muc/dong-lanh-and-bao-quan-mat_xqLn09V","Gà Chips 99 Gói 500G","67.000 ₫","//static.coopmart.mobi/static/2018/5/18/8/c0e516de4ea8e99356a6b85216b212c9_240x0.jpg"
"1553484612-752","https://coopmart.vn/danh-muc/dong-lanh-and-bao-quan-mat_xqLn09V","Phô Mai Con Bò Cười Lavache Quirit Canxi 120G","30.000 ₫","//static.coopmart.mobi/static/2018/5/18/9/89dfa6fb62e5b4a858d64d64e266d0be_240x0.jpg"
"1553484612-828","https://coopmart.vn/danh-muc/dong-lanh-and-bao-quan-mat_xqLn09V","Há Cảo Cầu Tre Gói 500G","43.300 ₫","//static.coopmart.mobi/static/2018/5/18/8/2c8f6ce0c39cc23699f24e0baadc3976_240x0.jpg"
